﻿TRAVEL_ID,LODGING_NM,LODGING_PAYMENT_SEQ,LODGING_TYPE_CD,RSVT_YN,CHK_IN_DT_MIN,CHK_OUT_DT_MIN,PAYMENT_NUM,BRNO,STORE_NM,ROAD_NM_ADDR,LOTNO_ADDR,ROAD_NM_CD,LOTNO_CD,PAYMENT_DT,PAYMENT_MTHD_SE,PAYMENT_AMT_WON,PAYMENT_ETC
e_e000013,해브펀캠핑어라운드,0,5,Y,,,4,,,경기 파주시 월롱면 도감로 130,경기 파주시 월롱면 위전리 89-1,,,,1,240000,
e_e000020,파로티아워터하우스,1,1,Y,,,1,,아고다,서울 중구 을지로 100,서울 중구 을지로2가 203,3101006,1114010500,2023-04-29 00:00,1,84375,파로티아 워터하우스 호텔
e_e000021,호텔헤르메스,1,1,N,,,2,,화성 헤르메스 호텔,경기 화성시 남양읍 역골로 9-28,경기 화성시 남양읍 남양리 2076-17,3210080,4159026221,2023-04-29 15:00,1,70000,숙박비
e_e000038,호텔 더 메이,1,1,Y,,,2,,주식회사 여기어때컴퍼니,서울 강남구 봉은사로 479,,3122004,1168010500,2023-04-27 00:20,1,66000,월문호텔더메이
e_e000294,봉화회관,0,2,Y,,,2,,,경기 용인시 처인구 포곡읍 부곡로 21,경기 용인시 처인구 포곡읍 전대리 164-3,,,,1,25000,
e_e000294,봉화회관,1,2,Y,,,2,,두부마당,경기 용인시 처인구 포곡읍 포곡로 339,경기 용인시 처인구 포곡읍 삼계리 401-3,3203129,4146125021,2023-05-21 11:47,1,32000,
e_e000294,한화리조트 용인베잔송,1,4,Y,,,2,,한화호텔앤드리조트(주)용인,경기 용인시 처인구 남사읍 봉무로153번길 79,경기 용인시 처인구 남사읍 봉무리 257-1,4409448,4146125921,2023-05-19 17:13,1,54200,
e_e000294,한화리조트 용인베잔송,2,4,Y,,,2,,한화호텔앤드리조트(주),서울 중구 통일로 92,서울 중구 순화동 1-170,3000008,1114016800,2023-05-20 08:25,1,22000,
e_e000301,콘래드 서울,1,1,Y,,,2,,에스아이에프씨호텔디벨로프먼트 유한회사,서울 영등포구 국제금융로8길 10,서울 영등포구 여의도동 34-9,4154067,1156011000,2023-05-19 15:56,1,324500,숙박비
e_e000317,토요코인호텔 영등포점,0,1,Y,,,1,,,서울 영등포구 신길로 293,서울 영등포구 영등포동1가 106,,,,3,59000,
e_e000323,제이모텔,1,2,Y,,,2,,(주)야놀자,서울 강남구 테헤란로108길 42,서울 강남구 대치동 1003,4166713,1168010600,2023-05-23 13:22,3,65000,수원 장안 제이
e_e000332,누누모텔,1,2,Y,,,2,,(주)여기어때컴퍼니,서울 강남구 봉은사로 479,,3122004,1168010500,2023-05-19 18:25,1,65000,MO-미니룸
e_e000334,호텔스테이지79,1,1,Y,,,2,,주식회사 야놀자,서울 강남구 테헤란로108길 42,서울 강남구 대치동 1003,4166713,1168010600,2023-05-25 00:00,1,48000,의정부 STAGE79
e_e000336,켄싱턴호텔 여의도,1,1,Y,,,3,,아고다,,,,,,1,242100,숙박비
e_e000336,호텔엠펠리체,1,1,Y,,,3,,아고다,,,,,,1,138141,숙박비
e_e000344,롯데호텔월드,1,1,Y,,,3,,(주)롯데호텔 롯데월드,서울 송파구 올림픽로 240,서울 송파구 잠실동 40-1,3123023,1171010100,2023-05-19 14:11,1,444675,숙박비
e_e000345,W미니호텔,1,2,Y,,,3,,주식회사 여기어때컴퍼니,서울 강남구 봉은사로 479,,3122004,1168010500,2023-05-03 23:33,1,60000,MO-디럭스트윈(넷플릭스)
e_e000347,펠리스빌,0,11,N,,,1,,,644-19,,,,,4,50000,
e_e000352,신라스테이 광화문,0,1,Y,,,2,,,서울 종로구 삼봉로 71,서울 종로구 수송동 156,,,,4,270000,
e_e000366,라마다앙코르바이윈덤 김포한강호텔,1,1,Y,,,3,,(주)메이트아이,서울 강서구 마곡동로 55,서울 강서구 마곡동 774-12,3155046,1150010500,2023-05-17 15:01,1,175130,라마다 앙코르 바이 윈덤 김포
e_e000369,신라스테이 광화문,1,1,Y,,,1,,㈜야놀자 ,서울 강남구 테헤란로108길 42,서울 강남구 대치동 1003,4166713,1168010600,2023-06-05 00:00,3,257400,신라스테이 광화문
e_e000371,힐스테이트에코마곡나루역오피스텔,0,1,N,,,1,,,서울 강서구 마곡중앙로 161-11,서울 강서구 마곡동 760-1,,,,3,70000,
e_e000381,트멍캠핑장,0,5,Y,,,4,,,경기 포천시 소흘읍 광릉수목원로 932-2,경기 포천시 소흘읍 무림리 94-1,,,,5,120000,
e_e000384,캠핑주막,1,5,Y,,,2,,여주 캠핑주막,경기 여주시 북내면 당전로 470,,3214016,4167036031,2023-02-06 09:29,1,120000,숙박비
e_e000385,어반티지 글램핑 카라반,0,5,Y,,,2,,,,인천 강화군 내가면 고천리 209,,,,3,250000,
e_e000387,에코유캠핑장,1,5,Y,,,4,,동두천 에코유캠핑장,경기 동두천시 천보산로359번길 57,경기 동두천시 탑동동 495-8,4367205,4125011100,2023-05-24 00:00,1,150000,숙박비
e_e000395,파크마린호텔,1,1,Y,,,3,,(주)티몬,서울 강남구 압구정로 118,서울 강남구 신사동 529-4,3122007,1168010700,2023-03-06 00:00,1,172050,"(국내숙박 슈퍼위크) 인천 파크마린 호텔 루프탑 수영장 오픈 기념 특가 키즈 / 성인 패키지 , ~6/30까지"
e_e000396,파라다이스시티,0,1,Y,,,2,,,인천 중구 영종해안남로321번길 186,인천 중구 운서동 2874,,,,1,543400,
e_e000397,동두천자연휴양림 복층4호,0,9,Y,,,3,,,산16,,,,,1,200000,
e_e000403,쉐르빌온천관광호텔,1,1,Y,,,3,,아고다,,,,,2023-05-18 00:00,1,103370,숙박비
e_e000412,호텔도노,0,1,Y,,,1,,,경기 수원시 팔달구 신풍로 68,경기 수원시 팔달구 장안동 30-6,,,,1,81626,
e_e000418,포천자연마을 서울캠핑장,1,5,Y,,,3,,경기도 포천 자연마을 서울캠핑장,경기 포천시 관인면 북원로 371-115,,3000133,4165040026,2023-06-03 00:00,1,25300,"(텐트 제공,전 국민 예약)포천 서울캠핑장"
e_e000422,포포인츠 바이 쉐라톤 조선 서울명동,1,1,Y,,,1,,(주)조선호텔앤리조트 포포인즈 조선,서울 중구 삼일대로10길 36,서울 중구 저동2가 89,4103168,1114016100,2023-06-04 14:45,1,130438,숙박비
e_e000422,포포인츠 바이쉐라톤 서울구로,1,1,Y,,,1,,와이씨앤티(주)포포인츠 바이 쉐라톤,서울 구로구 디지털로32길 72,서울 구로구 구로동 1128-1,4148337,1153010200,2023-06-05 17:47,1,150920,
e_e000430,호텔아띠,1,2,Y,,,1,,주식회사 여기어때컴퍼니,서울 강남구 봉은사로 479,,3122004,1168010500,2023-05-23 22:08,1,35000,"MO-준특실(넷플릭스,디즈니)"
e_e000430,호텔코고라,1,2,Y,,,1,,,,,,,2023-05-19 00:00,3,80000,숙박비
e_e000432,포포인츠바이쉐라톤 수원호텔,1,1,Y,,,2,,포포인트바이쉐라톤,경기 수원시 팔달구 효원로307번길 27,경기 수원시 팔달구 인계동 1122-8,4328473,4111514100,2023-05-21 17:34,1,215600,숙박비
e_e000438,나인트리프리미어호텔 인사동,1,1,Y,,,4,,(주)위메프,서울 강남구 영동대로 502,,2122002,1168010500,2023-04-01 01:05,1,525600,나인트리 프리미어 호텔 인사동
e_e000438,나인트리프리미어호텔 인사동,3,1,Y,,,4,,파르나스호텔 주식회사,서울 종로구 인사동길 49,,4100259,1111012800,2023-05-27 16:25,1,30000,
e_e000445,세인트펜션,1,3,Y,,,2,, 주식회사 야놀자,서울 강남구 테헤란로108길 42,서울 강남구 대치동 1003,4166713,1168010600,2023-05-13 00:45,1,124000,포천 세인트펜션(애견 허브5분 불멍)
e_e000448,숙소,0,10,N,,,3,,,신현리 258-2,,,,,4,0,
e_e000451,Capsule 24,0,7,Y,,,3,,,부평구 육동로 7,,,,,1,75000,
e_e000453,소테츠호텔즈 더스프라지르 서울명동,1,1,Y,,,3,,아고다,,,,,2023-02-21 12:08,1,361490,소테츠 호텔 더 스프라지르 서울 명동
e_e000460,그랜드인터컨티넨탈 서울파르나스,1,1,Y,,,3,,그랜드 인터컨티넨탈 서울 파르나스,,,,,2023-05-15 00:00,1,387200,숙박비
e_e000466,핀란드캠핑성,1,5,Y,,,4,,주식회사 핀란드캠핑성,경기 가평군 상면 물골길 102,경기 가평군 상면 봉수리 14,4448074,4182033029,2023-02-14 10:55,1,157731,계곡5(계곡뷰)
e_e000469,백궁가든펜션,0,3,Y,,,21,,,경기 포천시 신북면 청신로1059번길 17,경기 포천시 신북면 갈월리 454,,,,5,450000,
e_e000472,더큐브호텔,0,7,Y,,,1,,,서울 중구 퇴계로20길 31,서울 중구 남산동2가 18-9,,,,1,49000,
e_e000472,서울숲스테이,0,7,Y,,,1,,,서울 성동구 왕십리로 108-1,서울 성동구 성수동1가 656-1066,,,,1,25000,
e_e000474,아셈호텔,2,1,Y,,,1,,주식회사아셈,경기 김포시 태장로795번길 145,경기 김포시 장기동 2011-2,4427682,4157010400,2023-05-22 10:32,1,130000,테라스 스위트
e_e000474,카카오호텔,1,1,Y,,,1,,주식회사 야놀자,서울 강남구 테헤란로108길 42,서울 강남구 대치동 1003,4166713,1168010600,2023-05-22 14:31,1,75000,인천(구월동)카카오 호텔 숙박비
e_e000477,약수동산,0,5,Y,,,2,,,경기 양평군 옥천면 약수동산길 86,경기 양평군 옥천면 옥천리 936,,,,5,115000,
e_e000482,글래드 여의도,0,1,Y,,,2,,,서울 영등포구 의사당대로 16,서울 영등포구 여의도동 17-5,,,,1,335104,
e_e000483,가평프리미엄키즈풀빌라,1,3,Y,,,8,,,,,,,2023-05-27 00:00,1,980000,가평 프리미엄키즈풀빌라펜션
e_e000490,호텔쿠레타케소 인사동,0,1,Y,,,1,,,서울 종로구 인사동길 20-9,서울 종로구 인사동 34-2,,,,1,71400,
e_e000491,자일랜드글램핑,1,5,Y,,,3,,캠핑톡 주식회사,서울 중구 청계천로 40,서울 중구 다동 10,3100021,1114010200,2023-04-28 15:09,1,139000,(자일랜드)*VIP글램핑*냉난방/개별화장실샤워실
e_e000496,경원재앰배서더 인천,1,1,Y,,,2,,주식회사 야놀자,서울 강남구 테헤란로108길 42,서울 강남구 대치동 1003,4166713,1168010600,2023-05-15 01:16,3,229740,경원재 앰배서더 인천
e_e000500,알멕스랜드,1,4,Y,,,4,,(주)다날,경기 성남시 분당구 분당로 55,,3180026,4113510500,2023-04-04 13:35,1,380000,숙박비
e_e000509,토요코인호텔 영등포점,1,1,Y,,,2,,호텔스 닷컴,서울 종로구 종로5길 7,,4100360,1111012200,2023-05-15 00:00,1,91976,토요코인 서울영등포
e_e000526,서울큐브이화,1,7,Y,,,1,,서울큐브이화,서울 마포구 대흥로30길 18-10,서울 마포구 염리동 9-124,4139056,1144010900,2023-05-15 00:00,3,25000,도미토리캡슐룸 여성전용
e_e000531,스테이엘펜션,0,3,Y,,,2,,,경기 가평군 상면 수목원로386번길 14-19,,,,,5,185000,
e_e000540,파크마린호텔,1,1,Y,,,3,,야놀자 클라우드코리아,서울 강남구 테헤란로114길 38,서울 강남구 대치동 1004,4166716,1168010600,2023-05-30 00:00,1,147870,[인천호텔] 인천 파크마린호텔
e_e000547,경기도교직원가평수덕원,0,4,Y,,,4,,,경기 가평군 가평읍 북한강변로 238,경기 가평군 가평읍 금대리 520-5,,,,5,10000,
e_e000548,곤지암리조트,1,4,Y,,,3,,,,,,,2023-05-27 00:00,1,238000,화담숲 패키지(프라임 3인)
e_e000548,곤지암리조트,2,4,Y,,,3,,곤지암리조트,경기 광주시 도척면 도척윗로 278,,3211012,4161033026,2023-05-18 00:00,1,238000,프라임 객실+화담숲 이용권 3매
e_e000560,금은모래캠핑장,1,5,Y,,,2,,소스팜 주식회사,서울 강남구 도곡로1길 14,서울 강남구 역삼동 837-26,4166219,1168010100,2023-04-20 10:21,1,15000,금은모래 캠핑장
e_e000561,아트포레,0,10,N,,,1,,,인천 연수구 인천타워대로 257,인천 연수구 송도동 84-2,,,,4,0,
e_e000563,호텔야자 종로점,1,1,Y,,,2,,주식회사 야놀자,서울 강남구 테헤란로108길 42,서울 강남구 대치동 1003,4166713,1168010600,2023-05-26 15:24,1,126740,종로  YAJA 종로점 외 1건
e_e000567,국립아세안자연휴양림,1,9,Y,,,4,,아세안 자연휴양림,경기 양주시 백석읍 기산로 472,경기 양주시 백석읍 기산리 산 103-1,3206109,4163025027,2023-05-18 17:45,1,45000,캄보디아(4인실)
e_e000590,탑클라우드호텔 수원점,1,1,Y,,,2,,여기어때,,,,,,1,48000,MO-STANDARD A
e_e000594,철이네캠핑랜드,0,5,Y,,,2,,,경기 용인시 처인구 백암면 용천로 205,경기 용인시 처인구 백암면 용천리 627-15,,,,5,170000,
e_e000595,곤지암리조트,1,4,Y,,,2,,(주)디앤오,경기 광주시 도척면 도척윗로 278,,3211012,4161033026,2023-05-28 11:22,1,60000,숙박비
e_e000599,더플라자,1,1,Y,,,2,,더 플라자 서울,서울 중구 소공로 119,,3101004,1114011400,2023-06-04 00:00,1,251680,숙박비
e_e000603,호텔PJ,1,1,Y,,,4,,아고다,,,,,2023-05-22 00:00,1,357048,Hotel Myeongdong
e_e000607,일월일지,1,3,Y,,,4,,일월일지,경기 양평군 단월면 통골길 71,경기 양평군 단월면 명성리 17-1,4452355,4183036027,2023-05-20 16:01,1,520000,
e_e000608,라마다 서울동대문,0,1,N,,,1,,,서울 중구 동호로 354,,,,,4,0,
e_e000615,호텔소노,1,1,Y,,,2,,신포 호텔소노,인천 중구 우현로9번길 13,인천 중구 사동 15-1,4247247,2811012200,2023-06-02 22:12,3,85000,숙박비
e_e000618,더플라자,1,1,Y,,,2,,더 플라자 호텔,서울 중구 소공로 119,서울 중구 태평로2가 23,3101004,1114011400,2023-05-29 14:05,1,366120,숙박비
e_e000621,홀리데이인인천송도,0,1,Y,,,1,,,인천 연수구 인천타워대로 251,인천 연수구 송도동 33-1,,,,2,280000,
e_e000623,반달곰이살던숲,1,5,Y,,,6,,(주)다날,경기 성남시 분당구 분당로 55,,3180026,4113510500,2023-04-01 10:01,1,220000,숙박비
e_e000627,오라카이 송도파크호텔,1,1,Y,,,1,,(주)여기어때컴퍼니,서울 강남구 봉은사로 479,,3122004,1168010500,2023-04-26 00:00,1,76000,오라카이 송도파크 호텔
e_e000628,소노휴 양평,0,4,Y,,,3,,,경기 양평군 개군면 신내길7번길 55,경기 양평군 개군면 공세리 389-7,,,,1,150000,
e_e000628,클럽보드리조트,0,4,Y,,,3,,,경기 가평군 가평읍 북한강변로 214,경기 가평군 가평읍 금대리 510,,,,5,200000,
e_e000644,킨텍스캠핑장,0,5,Y,,,4,,,경기 고양시 일산서구 킨텍스로 217-25,경기 고양시 일산서구 대화동 2720,,,,5,25000,
e_e000647,친구의 친지집,0,10,N,,,2,,,1157-3번지,,,,,4,0,
e_e000651,자라섬 캠핑장 카라반C,1,5,Y,,,4,,가평군시설관리공단,경기 가평군 가평읍 문화로 131,,3216052,4182025022,2023-05-15 23:46,1,80000,자라섬캠핑장 카라반C 주중 카라반C 16
e_e000655,A플러스호텔,1,1,Y,,,1,,(주)여기어때,서울 강남구 봉은사로 479,,3122004,1168010500,2023-05-20 13:01,1,60000,MO-일반실A넷플릭스
e_e000655,에스모텔,1,1,Y,,,1,,주식회사 여기어때컴퍼니,서울 강남구 봉은사로 479,,3122004,1168010500,2023-05-21 06:49,1,33000,MO-준특실
e_e000669,포천자연마을 서울캠핑장,1,5,Y,,,4,,(주)케이지이니시스,서울 중구 통일로 92,서울 중구 순화동 1-170,3000008,1114016800,2023-05-02 15:10,1,17710,포천자연마을 서울캠핑장
e_e000669,프렌즈펜션캠핑,1,3,Y,,,4,,프렌즈펜션,경기 포천시 이동면 포화로 123,,3000135,4165038022,2023-05-23 13:27,3,99000,숙박비
e_e000673,위코스테이 영종,0,1,Y,,,1,,,인천 중구 영종진광장로 10,인천 중구 중산동 1947-5,,,,1,110000,
e_e000680,숙소에 도착,0,1,Y,,,3,,,페어몬트호텔,,,,,1,1000000,
e_e000682,호텔달,1,2,Y,,,2,,(주)야놀자,서울 강남구 테헤란로108길 42,서울 강남구 대치동 1003,4166713,1168010600,2023-05-17 21:35,1,45000,수원(북수동)호텔 달(DAL)
e_e000707,DMZ마루캠핑장,0,5,Y,,,4,,,경기 연천군 중면 군중로 399,경기 연천군 중면 삼곶리 317-3,,,,5,100000,
e_e000707,로하스캠핑,0,5,N,,,4,,,경기 연천군 중면 군중로 319-46,경기 연천군 중면 삼곶리 185,,,,4,0,
e_e000710,분지울작은캠핑장,1,5,Y,,,2,,분지울작은캠프장,경기 양평군 단월면 분지울1길 81,경기 양평군 단월면 명성리 98-1,4451556,4183036027,2023-05-20 00:00,1,60000,숙박비
e_e000710,분지울작은캠핑장,2,5,Y,,,2,,분지울작은캠핑장,경기 양평군 단월면 분지울1길 81,경기 양평군 단월면 명성리 98-1,4451556,4183036027,2023-05-15 23:30,3,60000,숙박비
e_e000715,지뜨,1,1,Y,,,2,,주식회사 야놀자,서울 강남구 테헤란로108길 42,서울 강남구 대치동 1003,4166713,1168010600,2023-05-20 02:25,1,124000,시흥(거북섬)호텔지뜨
e_e000718,경기도 수원시 권선구 권광로123번길 25,1,2,Y,,,1,,(주)야놀자,서울 강남구 테헤란로108길 42,서울 강남구 대치동 1003,4166713,1168010600,2023-05-23 23:50,1,48000,수원시청역 하루
e_e000718,수원시청역 하루,0,2,Y,,,1,,,관광로 123번길 25,,,,,1,48000,
e_e000733,자연과별가평천문대,0,3,Y,,,4,,,경기 가평군 북면 백둔로342번길 115-33,경기 가평군 북면 백둔리 122-3,,,,1,336000,
e_e000734,힐스테이트삼송역스칸센오피스텔(2블록),0,10,Y,,,1,,,경기 고양시 덕양구 삼송로 240,경기 고양시 덕양구 삼송동 294,,,,4,0,
e_e000747,해목글램핑,1,5,Y,,,7,,(주)티몬,서울 강남구 압구정로 118,서울 강남구 신사동 529-4,3122007,1168010700,2023-04-19 00:00,1,159000,가평 해목 글램핑
e_e000747,해목글램핑,2,5,Y,,,7,,(주)티몬,서울 강남구 압구정로 118,서울 강남구 신사동 529-4,3122007,1168010700,2023-04-19 19:31,1,159000,(가평군)가평 해목 글램핑
e_e000765,라벤더온천모텔,1,2,N,,,3,,라벤더온천텔,경기 화성시 팔탄면 버들로1597번길 22,경기 화성시 팔탄면 월문리 235-68,4430548,4159036032,2023-05-21 18:03,1,55000,
e_e000771,곤지암리조트 West빌리지,1,4,Y,,,3,,(주)디앤오,경기 광주시 도척면 도척윗로 278,,3211012,4161033026,2023-06-03 09:31,1,60000,객실
e_e000774,더블스테이 쁘띠로키즈풀빌라,1,3,Y,,,7,,주식회사 떠나요,서울 성동구 광나루로6길 54,서울 성동구 성수동2가 279-14,4109035,1120011500,2023-05-30 10:12,1,350000,쁘띠로 다섯동
e_e000785,미리내리조트힐빙클럽,1,4,Y,,,5,,(주)미리내,경기 양평군 지평면 월산저수지길 21,,4452135,4183039523,2023-05-20 17:40,3,161465,객실 -복층
e_e000789,파크뷰테라스호텔,1,1,Y,,,4,,(주)야놀자,서울 강남구 테헤란로108길 42,서울 강남구 대치동 1003,4166713,1168010600,,3,165000,파주 파크뷰테라스 호텔
e_e000791,친구 집,0,10,Y,,,2,,,61-28,,,,,4,0,
e_e000804,글래드 마포,1,1,Y,,,2,,글래드 마포,서울 마포구 마포대로 92,서울 마포구 도화동 25-13,2113001,1144010400,2023-05-14 02:13,3,119000,숙박비
e_e000804,호텔라르,1,1,Y,,,2,,호텔 라르 김포,경기 김포시 고촌읍 장차로5번길 5-9,경기 김포시 고촌읍 신곡리 1068-3,4427514,4157025324,2023-05-14 10:00,3,185000,숙박비
e_e000810,소담빌,1,11,Y,,,1,,에어비앤비,,,,,2023-05-07 22:15,1,99660,숙박비
e_e000812,경기도교직원가평수덕원,1,4,Y,,,4,,가평수덕원,경기 가평군 가평읍 북한강변로 238,경기 가평군 가평읍 금대리 531-2,3216019,4182025034,2023-05-12 23:49,3,10000,
e_e000817,평화누리캠핑장,1,5,Y,,,3,,,,,,,2023-04-05 00:00,1,170000,카라반존 B
e_e000818,무아레 도그라운드,0,3,Y,,,2,,,삼회리 464 (경기 가평군 청평면 북한강로1636번길 25),,,,,4,0,
e_e000826,로하스캠핑,0,5,Y,,,3,,,경기 연천군 중면 군중로 319-46,경기 연천군 중면 삼곶리 185,,,,5,320000,
e_e000826,로하스캠핑장,0,5,Y,,,3,,,경기 연천군 중면 군중로 319-46,,,,,3,0,
e_e000828,호텔알로하,1,1,Y,,,2,,㈜야놀자 ,서울 강남구 테헤란로108길 42,서울 강남구 대치동 1003,4166713,1168010600,2023-05-18 02:37,1,100000,포천(일동)알로하
e_e000828,호텔알로하,2,1,Y,,,2,,(주)야놀자,서울 강남구 테헤란로108길 42,서울 강남구 대치동 1003,4166713,1168010600,2023-05-24 00:00,1,88000,포천일동 알로하
e_e000840,공감키즈펜션,0,3,Y,,,4,,,경기 가평군 상면 임초밤안골로 212,경기 가평군 상면 임초리 602-3,,,,1,279000,
e_e000841,호텔도노,0,1,Y,,,3,,,경기 수원시 팔달구 신풍로 68,경기 수원시 팔달구 장안동 30-6,,,,1,61643,
e_e000856,맹그로브 신설점,0,11,Y,,,2,,,서울 동대문구 왕산로 22,서울 동대문구 신설동 98-24,,,,4,229040,
e_e000861,토요코인호텔 서울동대문2,0,1,Y,,,2,,,서울 중구 퇴계로 325,서울 중구 광희동2가 14-1,,,,1,200170,
e_e000863,소풍모텔,1,2,Y,,,2,,주식회사 여기어때컴퍼니,서울 강남구 봉은사로 479,,3122004,1168010500,2023-05-27 00:00,3,59350,MO일반룸넷플릭스
e_e000863,호텔아르떼,1,1,Y,,,2,,아고다,,,,,2023-05-21 00:00,1,97325,Hotel Arte
e_e000865,오션솔레뷰호텔,0,1,Y,,,1,,,인천 중구 영종진광장로 32,인천 중구 중산동 1947-1,,,,1,51000,
e_e000872,칼봉산자연휴양림,0,9,Y,,,5,,,경기 가평군 가평읍 경반안로 454,경기 가평군 가평읍 경반리 산 137,,,,1,130000,
e_e000877,경기도 용인시 양지면 식금리 182-46,0,10,Y,,,6,,,식금리 182-46,,,,,3,200000,
e_e000883,토요코인호텔 서울강남점,0,1,Y,,,1,,,서울 서초구 강남대로 323,서울 서초구 서초동 1337-27,,,,1,57269,
e_e000902,돈키호텔,0,2,Y,,,2,,,인천 중구 우현로9번길 36,인천 중구 사동 17-44,,,,1,35000,
e_e000902,오션파크나인호텔,0,1,Y,,,2,,,인천 중구 영종진광장로 10,인천 중구 중산동 1947-5,,,,1,36000,
e_e000906,바다로글램핑,0,5,Y,,,1,,,인천 강화군 화도면 해안남로 2421-228,인천 강화군 화도면 장화리 467-4,,,,5,210000,
e_e000906,장화리낙조마을,0,5,N,,,1,,,,인천 강화군 화도면 장화리 433-4,,,,4,0,
e_e000917,파로스관광호텔,1,1,Y,,,4,,아고다,,,,,2023-05-24 00:00,1,81358,HOTEL PHAROS
e_e000930,어반스테이 부티크 익선,0,1,Y,,,2,,,서울 종로구 돈화문로11나길 53,서울 종로구 익선동 53,,,,4,400000,
e_e000936,오라카이 송도파크호텔,1,1,Y,,,2,,(주)여기어때컴퍼니,서울 강남구 봉은사로 479,,3122004,1168010500,2023-05-26 11:39,1,111320,HO-(무료 뷰UP!) 디럭스
e_e000942,평화누리체험장,0,5,Y,,,2,,,경기 연천군 장남면 원당로87번길 34,경기 연천군 장남면 원당리 678,,,,5,58000,
e_e000942,평화누리체험장,1,5,Y,,,2,,연천평화누리체험장,경기 연천군 장남면 원당로87번길 34,경기 연천군 장남면 원당리 678,4445291,4180038021,2023-06-03 00:00,1,58000,(2동 한정 특가) 대형카라반 
e_e000946,파크 하얏트 서울,0,1,Y,,,1,,,서울 강남구 테헤란로 606,서울 강남구 대치동 995-14,,,,1,429000,
e_e000947,한화리조트 산정호수안시,1,4,Y,,,2,,네이버파이낸셜주식회사,경기 성남시 분당구 정자일로 95,경기 성남시 분당구 정자동 178-4,3180021,4113510300,2023-03-23 00:00,1,60000,[네고왕]한화리조트 전지점 초특가 행사
e_e000950,개울가오토캠핑장,0,5,Y,,,10,,,경기 가평군 설악면 유명로 654-58,경기 가평군 설악면 가일리 185-3,,,,5,270000,
e_e000951,궁게스트하우스,1,7,Y,,,1,,종로한옥궁게스트하우스,서울 종로구 율곡로8길 67,서울 종로구 와룡동 60,4100240,1111013000,2023-06-07 00:00,1,40000,숙박비
e_e000961,황새울로258번길 35,0,10,N,,,4,,,경기 성남시 분당구 황새울로258번길 35,,,,,4,0,
e_e000973,동화카라반캠핑장,1,5,Y,,,4,,주식회사트립일레븐,서울 금천구 가산디지털1로 186,서울 금천구 가산동 459-11,3117001,1154510100,2023-06-01 07:13,1,204320,[7%할인][경기/가평]가평 동화카라반
e_e000994,크리스월드,0,8,Y,,,3,,,경기 가평군 가평읍 북한강변로 360-91,경기 가평군 가평읍 금대리 49-4,,,,5,210000,
e_e000997,이포보 오토캠핑장,1,5,Y,,,3,,소스팜 주식회사,서울 강남구 도곡로1길 14,서울 강남구 역삼동 837-26,4166219,1168010100,2023-05-23 09:20,1,30000,이포보 오토캠핑장
e_e000998,새연카라반리조트 가평현리1호점,2,5,Y,,,3,,네이버파이낸셜 주식회사,경기 성남시 분당구 정자일로 95,경기 성남시 분당구 정자동 178-4,3180021,4113510300,2023-05-22 16:45,1,239000,새연리조트
e_e001001,경기도 양평군 단월면 석산리 산 100-4,0,5,N,,,2,,,경기도 양평군 단월면 석산리 산 100-4,,,,,4,0,
e_e001001,양평불한증막,0,11,N,,,2,,,경기 양평군 양서면 경강로 1062-4,경기 양평군 양서면 복포리 346-2,,,,5,30000,
e_e001009,디어스 명동,0,1,Y,,,2,,,서울 중구 퇴계로 176,서울 중구 남학동 13-2,,,,1,100000,
e_e001014,더플래츠글램핑,1,5,Y,,,2,,더 플래츠 글램핑,경기 가평군 상면 수목원로 181-28,경기 가평군 상면 행현리 375-4,3216056,4182033023,2023-05-28 09:41,3,125243,"아트 빔프로젝터존(수영장,에어컨,바닥난방,파워히터)"
e_e001024,브라운도트 시흥정왕점,1,2,Y,,,2,,㈜야놀자,서울 강남구 테헤란로108길 42,서울 강남구 대치동 1003,4166713,1168010600,2023-05-23 16:42,3,160000,시흥브라운도트 시흥정왕점
e_e001025,코지11펜션,0,3,Y,,,2,,,경기 포천시 신북면 깊이울로 190-1,경기 포천시 신북면 심곡리 730-5,,,,1,152000,
e_e001026,더케이플러스펜션,1,3,Y,,,2,,(주)여기어때컴퍼니,서울 강남구 봉은사로 479,,3122004,1168010500,2023-05-20 00:00,1,92000,경기 더케이 플러스펜션
e_e001030,아난티코드,0,4,Y,,,6,,,경기 가평군 설악면 유명로 1007-90,경기 가평군 설악면 방일리 717,,,,1,380000,
e_e001031,썬오브글램핑,1,5,Y,,,2,,네이버파이낸셜 주식회사,경기 성남시 분당구 정자일로 95,경기 성남시 분당구 정자동 178-4,3180021,4113510300,2023-05-24 00:00,1,169000,[썬오브]프리미엄 글램핑
e_e001041,곤지암리조트,1,4,Y,,,4,,곤지암리조트,경기 광주시 도척면 도척윗로 278,,3211012,4161033026,2023-06-05 11:11,1,115000,숙박비
e_e001049,이비스스타일앰배서더 인천에어포트,1,1,Y,,,2,,(주)여기어때컴퍼니,서울 강남구 봉은사로 479,,3122004,1168010500,2023-05-29 14:00,3,349812,이비스 스타일 앰배서더 인천 에어포트
e_e001059,이비스앰배서더호텔 수원,0,1,Y,,,2,,,경기 수원시 팔달구 권광로 132,경기 수원시 팔달구 인계동 1132-12,,,,4,0,
e_e001060,킹덤키즈풀빌라,1,3,Y,,,4,,킹덤키즈풀빌라리조트 주식회사,경기 가평군 설악면 미사리로 614-28,,3216014,4182031026,2023-05-29 15:10,1,50000,
e_e001068,그곳에가면펜션,0,3,Y,,,5,,,경기 안산시 단원구 수영목길 27-51,,,,,1,398000,
e_e001084,채연별장형펜션,1,3,Y,,,9,,㈜야놀자,서울 강남구 테헤란로108길 42,서울 강남구 대치동 1003,4166713,1168010600,2023-05-23 00:00,1,480000,별장형독채(복층)
e_e001103,프로비스타호텔,1,1,Y,,,3,,주식회사 야놀자,서울 강남구 테헤란로108길 42,서울 강남구 대치동 1003,4166713,1168010600,2023-05-20 10:01,1,132000,프로비스타 호텔
e_e001113,서대문교회,0,10,Y,,,1,,,서울 마포구 와우산로 141,서울 마포구 서교동 337-9,,,,4,0,
e_e001117,스토리숲,1,5,Y,,,2,,주식회사 온다,서울 강남구 테헤란로83길 49,서울 강남구 삼성동 152-69,4166762,1168010500,2023-05-24 20:46,1,270333,글램핑-숲하나
e_e001118,백학자유로리조트,0,4,Y,,,3,,,경기 연천군 백학면 노아로491번길 283,경기 연천군 백학면 구미리 321,,,,1,110000,
e_e001124,골든튤립에버 용인호텔,0,1,Y,,,2,,,경기 용인시 처인구 포곡읍 전대로78번길 19-2,경기 용인시 처인구 포곡읍 전대리 356-1,,,,1,135902,
e_e001142,브라운도트 인천송도점,1,1,Y,,,2,,브라운도트호텔 송도,인천 연수구 능허대로 227-7,인천 연수구 옥련동 553-7,3008016,2818510100,2023-06-07 00:00,1,71250,숙박비
e_e001142,오션솔레뷰호텔,1,1,Y,,,2,,11번가(주),서울 중구 한강대로 416,,2005005,1114011800,2023-05-30 00:00,1,25270,"오션솔레뷰 호텔(인천,중구)"
e_e001149,호텔 베르누이 서울,1,1,Y,,,4,,주식회사 야놀자 ,서울 강남구 테헤란로108길 42,서울 강남구 대치동 1003,4166713,1168010600,2023-05-18 01:29,3,136470,호텔 베르누이 서울
e_e001150,양평휴캠핑장,1,5,Y,,,3,,주식회사 하비비커뮤니케이션,서울 마포구 어울마당로 136-16,서울 마포구 서교동 347-6,3113015,1144012000,2023-05-21 20:52,1,90000,양평 휴 오토캠핑장 예약
e_e001164,더리센츠호텔,1,1,Y,,,2,,우림비엔씨(주) 더 리센츠 호텔,서울 동대문구 천호대로 383,서울 동대문구 장안동 415-15,2000008,1123010600,2023-05-26 18:27,1,253281,숙박비
e_e001166,이비스스타일앰배서더 서울용산,1,1,Y,,,2,,주식회사 트립비토즈,서울 강남구 테헤란로 415,서울 강남구 삼성동 142-41,3122010,1168010500,2023-06-03 10:48,1,210600,이비스 스타일 앰배서더
e_e001173,산으로간니모,0,5,Y,,,2,,,경기 가평군 조종면 연인산로 670-321,경기 가평군 조종면 마일리 71,,,,1,100000,
e_e001174,골드리버호텔,1,1,Y,,,2,,(주)여기어때컴퍼니,서울 강남구 봉은사로 479,,3122004,1168010500,2023-05-24 00:00,3,292192,골드리버 호텔
e_e001180,여행스케치펜션,1,3,Y,,,2,,(주)야놀자,서울 강남구 테헤란로108길 42,서울 강남구 대치동 1003,4166713,1168010600,2023-05-26 13:33,1,72000,포천 여행스케치펜션
e_e001180,클럽아일랜드 글램핑카라반,1,5,Y,,,2,,(주)야놀자,서울 강남구 테헤란로108길 42,서울 강남구 대치동 1003,4166713,1168010600,2023-05-26 02:05,1,43200,포천 클럽아일랜드 글램핑카라반
e_e001182,비둘기낭캠핑장,1,5,Y,,,4,,포천도시공사,경기 포천시 군내면 청성로 112,경기 포천시 군내면 하성북리 618,3213042,4165031028,2023-05-19 09:03,1,33000,C009(2023.06.09~2023.06.10)
e_e001200,에어비앤비 blessing20,1,11,Y,,,2,,에어비앤비,,,,,2023-05-16 08:24,1,67500,숙박비
e_e001201,북촌한옥마을,0,6,Y,,,2,,,서울 종로구 북촌로 53,서울 종로구 가회동 30-2,,,,1,317000,
e_e001207,토요코인호텔 서울강남점,1,1,Y,,,1,,아고다페이먼트코리아 유한회사,서울 중구 을지로 100,,3101006,1114010500,2023-03-28 23:44,1,61999,토요코 인 강남 서울
e_e001218,이포보웰빙캠핑장,1,5,Y,,,4,,소스팜 주식회사,서울 강남구 도곡로1길 14,서울 강남구 역삼동 837-26,4166219,1168010100,2023-04-20 15:02,1,80000,이포보 웰빙캠핑장
e_e001230,유명산숲속힐링캠프,1,5,Y,,,3,,떠나요닷컴,서울 성동구 광나루로6길 54,서울 성동구 성수동2가 279-14,4109035,1120011500,2023-04-26 19:59,1,60000,유명산힐링캠프펜션
e_e001233,호텔 월미여관,1,1,Y,,,4,,월미도 호텔 월미여관,인천 중구 월미로 247-21,인천 중구 북성동1가 98-320,3149043,2811013800,2023-05-17 17:17,1,110000,숙박비
e_e001243,쉐라톤그랜드 인천호텔,1,1,Y,,,4,,대우송도호텔(주),인천 연수구 컨벤시아대로 153,인천 연수구 송도동 6-9,2152004,2818510600,2023-05-26 12:43,1,459800,
e_e001246,월호텔,1,2,Y,,,2,,주식회사 여기어때컴퍼니,서울 강남구 봉은사로 479,,3122004,1168010500,2023-05-27 18:29,3,35000,MO-디럭스
e_e001247,친지집,0,10,N,,,1,,,196-255,,,,,4,0,
e_e001265,아비엥또,1,3,Y,,,4,,아고다,,,,,2023-05-24 00:00,1,156399,Avianto kids poolvilla
e_e001271,DMZ마루캠핑장,1,5,Y,,,4,,DMZ마루캠핑장,경기 연천군 중면 군중로 399,경기 연천군 중면 삼곶리 317-3,3215004,4180037021,2023-05-02 21:16,3,150000,숙박비
e_e001281,하늘향기캠프카라반,1,5,Y,,,2,,11번가,서울 중구 한강대로 416,,2005005,1114011800,2023-05-28 00:00,1,329000,포천 하늘향기 캠프 카라반 
e_e001312,느티나무그늘아래 캠핑장,1,5,Y,,,5,,느티나무그늘아래 캠핑장,경기 파주시 문산읍 사목로108번길 63-11,경기 파주시 문산읍 사목리 328,4418347,4148025026,2023-04-05 00:00,1,115000,숙박비
e_e001329,그랜드하얏트서울,1,1,Y,,,2,,하얏트호텔,,,,,2023-06-03 00:00,1,302500,숙박비
e_e001329,그랜드하얏트서울,2,1,Y,,,2,,하얏트 호텔,,,,,2023-06-02 00:00,1,511206,숙박비
e_e001341,호반베르디움더프라임아파트,0,10,N,,,2,,,경기 시흥시 배미골길 23,경기 시흥시 목감동 406,,,,4,0,
e_e001351,양평몽이네펜션,1,3,Y,,,2,,주식회사떠나요,서울 성동구 광나루로6길 48,서울 성동구 성수동2가 279-14,4109035,1120011500,2023-05-25 12:12,1,260000,양평몽이네펜션
e_e001351,양평몽이네펜션,2,3,Y,,,2,,엔에이치엔케이씨피 주식회사,서울 구로구 디지털로26길 72,서울 구로구 구로동 222-22,4148327,1153010200,2023-05-25 12:12,1,260000,
e_e001372,르메르디앙 서울 명동,0,1,Y,,,2,,,서울 중구 명동8나길 38,서울 중구 충무로1가 21-17,,,,4,45000,
e_e001382,은강펜션,1,3,Y,,,2,,에어비앤비,,,,,2023-05-07 17:16,1,101666,숙박비
e_e001408,올덴펜션,0,5,Y,,,2,,,,경기 가평군 청평면 고성리 22,,,,4,0,
e_e001408,올덴펜션,1,5,Y,,,2,,올덴 쿡,경기 가평군 청평면 고재길 262-60,,4448013,4182032526,2023-05-29 15:06,1,35000,
e_e001409,클럽레스피아 남양주2호점,1,5,Y,,,5,,(주)여기어때컴퍼니,서울 강남구 봉은사로 479,,3122004,1168010500,2023-05-15 20:48,1,218960,CA-VIP카라반
e_e001412,안다즈 서울강남,0,1,Y,,,2,,,서울 강남구 논현로 854,서울 강남구 신사동 603,,,,4,478240,
e_e001422,금다래캠핑장,1,5,Y,,,3,,금다래캠핑장,경기 가평군 북면 화악산로 1087-24,,3000144,4182035023,2023-06-03 00:00,3,88000,숙박비
e_e001428,아이다호텔,0,2,Y,,,2,,,서울 송파구 올림픽로34길 3-6,서울 송파구 방이동 41-13,,,,1,80000,
e_e001436,로뎀하우스,0,10,N,,,4,,,다문리 458-2 로뎀하우스,,,,,4,0,
e_e001467,J호텔,1,2,Y,,,1,,주식회사 여기어때컴퍼니,서울 강남구 봉은사로 479,,3122004,1168010500,2023-05-31 00:34,1,21000,MD-디럭스 특가(넷플릭스
e_e001470,호텔캠퍼스,1,2,Y,,,3,,,,,,,2023-06-01 17:15,1,120000,숙박비
e_e001482,노보텔스위트앰배서더 서울용산,1,1,Y,,,2,,노보텔 스위트 앰배서더 서울 용산 - 서울드래곤시티,서울 용산구 청파로20길 95,서울 용산구 한강로3가 40-969,4106354,1117012800,2023-05-27 15:00,1,277913,숙박비
e_e001503,용문산허브찜질방,1,11,N,,,3,,용문산어브찜질방,경기 양평군 용문면 태남길 47,경기 양평군 용문면 연수리 255,4452351,4183040025,2023-06-03 19:12,1,45000,
e_e001522,수원산오토캠핑장,1,5,Y,,,1,,포천 수원산오토캠핑장,경기 포천시 군내면 청군로2985번길 50-29,경기 포천시 군내면 직두리 450,4439660,4165031026,2023-06-03 00:00,1,120000,숙박비
e_e001526,토요코인호텔 서울강남점,1,1,Y,,,4,,토요코인서울강남,서울 서초구 강남대로 323,서울 서초구 서초동 1337-27,2102001,1165010800,2023-06-05 20:24,1,99050,숙박비
e_e001538,청담채,0,3,Y,,,6,,,용문로 335번길 5,,,,,5,235000,
e_e001542,쉐라톤그랜드 인천호텔,1,1,Y,,,3,,대우송도호텔(주),인천 연수구 컨벤시아대로 153,인천 연수구 송도동 6-9,2152004,2818510600,2023-06-03 16:41,1,327608,숙박비
e_e001548,더큐브호텔,0,7,Y,,,1,,,서울 중구 퇴계로20길 31,서울 중구 남산동2가 18-9,,,,1,29000,
e_e001548,더큐브호텔,1,7,Y,,,1,,더 큐브호텔,서울 중구 퇴계로20길 31,서울 중구 남산동2가 18-9,4103329,1114012900,2023-05-31 17:01,1,0,여성전용(24HR SIEEPING 캡슐)
e_e001548,스파렉스사우나,1,11,N,,,1,,스파렉스 굿모닝시티,서울 중구 장충단로 247,서울 중구 을지로6가 18-21,3101021,1114014800,2023-06-01 19:26,1,12000,
e_e001554,무의도세렝게티,0,5,N,,,2,,,,인천 중구 무의동 산 349-2,,,,4,0,
e_e001571,오블라디풀빌라,1,3,Y,,,2,,(주)오블라디,경기 파주시 문산읍 문현말길 113-1,,4418256,4148025029,2023-06-04 15:12,1,100000,
e_e001911,국립아세안자연휴양림,1,9,Y,,,4,,국립자연휴양림관리소,서울 마포구 마포대로 217,서울 마포구 아현동 686,2113001,1144010100,2023-05-18 09:12,1,58000,
e_e001913,제부도케렌시아,0,4,Y,,,2,,,경기 화성시 서신면 제부로 327-17,경기 화성시 서신면 송교리 476-7,,,,1,120000,
e_e001913,제부도케렌시아,1,4,Y,,,2,,(주)야놀자,서울 강남구 테헤란로108길 42,서울 강남구 대치동 1003,4166713,1168010600,2023-06-01 00:00,3,42400,(경기화성)제부도해상케이블카(5/1~6/30)
e_e001914,호텔페이토 강남,2,1,Y,,,2,,(주)호텔페이토,서울 서초구 강남대로 259,서울 서초구 서초동 1361-10,2102001,1165010800,2023-06-09 21:01,1,198000,
e_e001916,서울올림픽파크텔,1,1,Y,,,3,,서울올림픽파크텔,서울 송파구 올림픽로 448,,3123023,1171011100,2023-06-03 00:00,1,188100,숙박비
e_e001926,밀리오레호텔 명동,1,1,Y,,,2,,밀리오레 호텔 서울 명동,서울 중구 퇴계로 115,서울 중구 충무로1가 24-1,3101011,1114012400,2023-06-04 00:00,1,400000,숙박비
e_e001935,호텔야자 오산역점,0,2,Y,,,2,,,경기 오산시 역광장로 73,경기 오산시 오산동 603-10,,,,1,45000,
e_e001940,M호텔,0,2,Y,,,2,,,경기 의정부시 시민로122번길 59-10,경기 의정부시 의정부동 136-35,,,,4,28000,
e_e001940,동교로,0,2,Y,,,2,,,157-1,,,,,4,0,
e_e001950,심포니호텔,0,1,Y,,,3,,,경기 수원시 영통구 반달로128번길 13,경기 수원시 영통구 영통동 996-5,,,,1,84500,
e_e001968,탑모텔,0,2,Y,,,1,,,인천 강화군 송해면 강화대로 792,인천 강화군 송해면 솔정리 576-1,,,,1,32000,
e_e001987,싱싱하우스협동조합,0,3,Y,,,5,,,경기 화성시 우정읍 거물동길 14-4,경기 화성시 우정읍 원안리 492,,,,1,284191,
e_e001989,헤르츠모텔,1,2,Y,,,2,,(주)야놀자,서울 강남구 테헤란로108길 42,서울 강남구 대치동 1003,4166713,1168010600,2023-06-02 10:44,3,40000,신림 HERTZ(헤르츠)
e_e001996,립모텔,1,2,Y,,,5,,립모텔,경기 파주시 금정20길 15-12,경기 파주시 금촌동 65-17,4418078,4148010100,2023-06-05 00:00,1,110000,숙박비
e_e001997,솔빛예쁜펜션,0,3,Y,,,21,,,경기 용인시 처인구 원삼면 두창호수로 222,경기 용인시 처인구 원삼면 두창리 1580-3,,,,3,150000,
e_e002045,브라운도트호텔 월곶점,1,2,Y,,,2,,주식회사 야놀자,서울 강남구 테헤란로108길 42,서울 강남구 대치동 1003,4166713,1168010600,2023-06-02 10:09,1,35000,월곶 브라운도트 월곶역점
e_e002049,인트로호텔,1,2,Y,,,2,,(주)여기어때컴퍼니,서울 강남구 봉은사로 479,,3122004,1168010500,2023-05-29 11:42,1,70000,MO-슈페리어
e_e002058,곤지암리조트 L빌리지,0,4,Y,,,6,,,경기 광주시 도척면 도척윗로 278,경기 광주시 도척면 도웅리 533,,,,1,75000,
e_e002059,성산청소년수련원,0,11,N,,,4,,,인천 강화군 선원면 충렬사로178번길 116,인천 강화군 선원면 선행리 77,,,,3,100000,
e_e002064,호텔데쟈트,0,1,Y,,,2,,,서울 영등포구 영중로4길 9-6,서울 영등포구 영등포동3가 21-9,,,,4,29000,
e_e002082,포포인츠바이쉐라톤 수원호텔,0,1,Y,,,2,,,경기 수원시 팔달구 효원로307번길 27,경기 수원시 팔달구 인계동 1122-8,,,,1,126000,
e_e002097,고색리치아노 오피스텔,1,11,Y,,,2,,에어비앤비,,,,,2023-05-27 10:42,1,121306,숙박비
e_e002099,호텔캠퍼스,1,1,Y,,,2,,주식회사 야놀자,서울 강남구 테헤란로108길 42,서울 강남구 대치동 1003,4166713,1168010600,2023-05-31 23:46,3,26000,강남캠퍼스
e_e002126,에스라인모텔,1,2,Y,,,3,,(주)야놀자,서울 강남구 테헤란로108길 42,서울 강남구 대치동 1003,4166713,1168010600,2023-06-02 19:13,1,47000,길동 에스라인
e_e002131,양주해피캠핑장,1,5,Y,,,8,,양주해피캠핑장,경기 양주시 백석읍 기산로471번길 98,경기 양주시 백석읍 기산리 303-2,4436116,4163025027,2023-05-02 09:17,3,50000,숙박비
e_e002135,평화누리캠핑장,0,5,Y,,,4,,,,경기 파주시 문산읍 마정리 613-1,,,,1,200000,
e_e002148,썬스타,1,1,Y,,,4,,주식회사 야놀자,서울 강남구 테헤란로108길 42,서울 강남구 대치동 1003,4166713,1168010600,2023-06-02 00:00,1,76500,수원 행궁동 썬스타
e_e002161,투데이호텔,1,1,Y,,,1,,동탄투데이호텔,경기 화성시 동탄중심상가1길 30,경기 화성시 반송동 103-8,4431485,4159012700,2023-06-04 00:00,1,55000,스텐다드 더블
e_e002171,한화리조트 산정호수안시,1,4,Y,,,2,,한화호텔앤리조트(주)/산정호수,경기 포천시 영북면 산정호수로 402,경기 포천시 영북면 산정리 454-4,3213016,4165039023,2023-06-05 17:56,1,172000,숙박비
e_e002182,토담키즈풀빌라펜션,1,3,Y,,,5,,주식회사 떠나요,서울 성동구 광나루로6길 54,서울 성동구 성수동2가 279-14,4109035,1120011500,2023-05-24 14:24,1,249000,토담B동
e_e002183,넘버25 사당역점,0,2,Y,,,2,,,서울 관악구 승방2길 13,서울 관악구 남현동 602-16,,,,1,28000,
e_e002184,캠프무인텔,1,2,Y,,,2,,㈜여기어때컴퍼니,서울 강남구 봉은사로 479,,3122004,1168010500,2023-06-05 13:00,1,30000,이천 CAMP무인텔 
e_e002186,파티오호텔,1,2,Y,,,2,,파티오호텔,인천 미추홀구 주안중로 38,,3151021,2817710500,2023-06-03 18:38,3,55000,
e_e002202,라까사호텔 광명,1,1,Y,,,2,,11번가,서울 중구 한강대로 416,서울 중구 남대문로5가 541,2005005,1114011800,2023-05-31 13:58,1,150000,"[경기]라까사호텔 광명(경기,광명)"
e_e002204,호운스테이,0,3,Y,,,4,,,경강로 4809-7,,,,,5,400000,
e_e002214,스파아일랜드,0,11,N,,,2,,,경기 고양시 일산서구 중앙로 1371,경기 고양시 일산서구 주엽동 81,,,,1,24000,
e_e002215,Q호텔,1,1,Y,,,3,,에버랜드역 Q,경기 용인시 처인구 포곡읍 전대로110번길 10-3,경기 용인시 처인구 포곡읍 전대리 355-15,4409724,4146125027,2023-06-02 21:22,1,132000,숙박비
e_e002220,노보텔앰배서더 서울용산,0,1,Y,,,3,,,서울 용산구 청파로20길 95,서울 용산구 한강로3가 40-969,,,,4,200000,
e_e002222,어반이스트호텔,1,1,Y,,,4,,(주)인터파크,서울 강남구 삼성로 512,,3122005,1168010500,2023-06-02 00:00,1,140000,어반 이스트 호텔
e_e002234,나인트리프리미어호텔 서울판교,1,1,Y,,,3,,나인트리 프리미어 호텔 서울 판교,경기 성남시 수정구 창업로 18,,3351887,4113111500,2023-05-30 00:00,1,182600,숙박비 
e_e002236,왈츠모텔,1,2,Y,,,2,,㈜야놀자,서울 강남구 테헤란로108길 42,서울 강남구 대치동 1003,4166713,1168010600,2023-05-31 10:01,3,65000,논현왈츠 일반실
e_e002248,소피텔 앰배서더 서울,2,1,Y,,,1,,주식회사트립비토즈,서울 강남구 테헤란로 415,,3122010,1168010500,2023-04-08 22:50,3,660000,소피텔 앰배서더 서울 호텔&amp
e_e002254,호텔 베르누이 서울,1,1,Y,,,2,,주식회사 야놀자,서울 강남구 테헤란로108길 42,서울 강남구 대치동 1003,4166713,1168010600,2023-06-04 23:00,1,30505,호텔 베르누이 서울
e_e002255,연천세계캠핑체험존,1,5,Y,,,3,,연천  세계캠핑체험존,경기 연천군 전곡읍 선사로 123,,3215024,4180025321,2023-05-30 00:00,1,35000,별빛야영장2
e_e002260,라리아호텔,0,2,Y,,,1,,,경기 수원시 팔달구 매산로 17-7,경기 수원시 팔달구 매산로1가 43-8,,,,3,70000,
e_e002266,라비타펜션,1,3,Y,,,2,,주식회사 트립일레븐,서울 금천구 가산디지털1로 171,서울 금천구 가산동 371-41,3117001,1154510100,2023-05-31 02:03,1,68999,오렌지(반려견 동반/리버뷰)
e_e002272,구라이골캠핑장,1,5,Y,,,6,,구라이골캠핑장,경기 포천시 창수면 창동로 497,경기 포천시 창수면 운산리 237-15,3000134,4165035026,2023-06-03 00:00,1,140000,글램핑5호 
e_e002304,까르르키즈풀빌라,0,3,Y,,,6,,,경기 가평군 북면 카이저길 58-12,경기 가평군 북면 이곡리 449-8,,,,4,0,
e_e002306,은향채,1,6,Y,,,3,,에어비앤비,,,,,2023-05-28 23:07,1,173295,숙박비
e_e002308,마루호텔 본관,1,1,Y,,,2,,수원 마루호텔,경기 수원시 팔달구 고화로9번길 33,경기 수원시 팔달구 매산로2가 7-3,4328082,4111513500,2023-06-02 17:02,1,60000,숙박비
e_e002318,소피텔 앰배서더 서울,0,1,Y,,,2,,,서울 송파구 잠실로 209,서울 송파구 신천동 29-1,,,,1,500000,
e_e002323,호텔달,1,2,Y,,,2,,호텔달,경기 수원시 팔달구 화서문로75번길 20,경기 수원시 팔달구 북수동 59-9,4328439,4111512900,2023-06-01 21:10,1,0,숙박비
e_e002351,네스트호텔,1,1,Y,,,2,,트립비토즈,서울 강남구 테헤란로 415,서울 강남구 삼성동 142-41,3122010,1168010500,2023-06-02 19:38,1,198000,네스트 호텔 인천
e_e002364,해밀호텔,1,1,Y,,,2,,(주)여기어때컴퍼니,서울 강남구 봉은사로 479,,3122004,1168010500,2023-06-02 00:00,1,44800,MO-스탠다드
e_e002376,k world호텔,1,2,Y,,,1,,주식회사 여기어때컴퍼니,서울 강남구 봉은사로 479,,3122004,1168010500,2023-06-19 00:00,3,40000,MO스위트 주차불가
e_e002392,호텔팝리즈프리미어,1,2,Y,,,1,,호텔팝 리즈 프리미어,서울 종로구 수표로22길 16,서울 종로구 낙원동 186,4100196,1111013700,2023-06-08 00:00,1,30000,숙박비 
e_e002394,일소뇨 펜션글램핑,0,3,Y,,,8,,,경기 양평군 서종면 화서로 170-6,경기 양평군 서종면 수입리 339-29,,,,5,370000,
e_e002396,티앤풀빌라펜션,1,5,Y,,,4,,㈜여기어때컴퍼니 ,서울 강남구 봉은사로 479,,3122004,1168010500,2023-05-11 17:47,1,129270,CA-트레일러글램핑
e_e002415,다온호텔,1,2,Y,,,2,,(주)여기어때컴퍼니,서울 강남구 봉은사로 479,,3122004,1168010500,2023-06-02 18:19,1,50000,MO-Standard A
e_e002456,홍익아파트,0,10,N,,,1,,,경기 안성시 금광면 종합운동장로 132,경기 안성시 금광면 신양복리 139-1,,,,4,0,
e_e002462,얼레이호텔,0,1,Y,,,3,,,경기 용인시 기흥구 신정로 231,경기 용인시 기흥구 신갈동 536-23,,,,1,29100,
e_e002467,UH FLAT 더 송도,1,1,Y,,,2,,주식회사 야놀자,서울 강남구 테헤란로108길 42,서울 강남구 대치동 1003,4166713,1168010600,2023-05-31 10:03,1,85000,UH FLAT the 송도
e_e002467,UH FLAT 더 송도,2,1,Y,,,2,,(주)야놀자,서울 강남구 테헤란로108길 42,서울 강남구 대치동 1003,4166713,1168010600,2023-05-31 10:03,3,135000,UH FLAT the 송도
e_e002471,라라키즈풀빌라,1,3,Y,,,3,,(주)여기어때컴퍼니,서울 강남구 봉은사로 479,,3122004,1168010500,2023-06-09 20:16,1,85000,가평 라라키즈풀빌라
e_e002471,라라키즈풀빌라,2,3,Y,,,3,,라라키즈풀빌라투,경기 가평군 상면 임초밤안골로 162-14,경기 가평군 상면 임초리 170-6,3216033,4182033024,2023-06-14 18:09,1,130000,
e_e002479,호텔더디자이너스 서울역점,1,1,Y,,,4,,호텔 더 디자이너스 ,서울 용산구 한강대로 305,서울 용산구 갈월동 69-27,2005005,1117010400,2023-05-21 00:00,1,378000,숙박비 
e_e002481,퀸타운호텔,0,2,Y,,,2,,,경기 고양시 일산동구 정발산로 39,경기 고양시 일산동구 장항동 856-1,,,,1,70000,
e_e002483,벨라스위트호텔,1,1,Y,,,2,,주식회사 지마켓,서울 강남구 테헤란로 152,서울 강남구 역삼동 737,3122010,1168010100,2023-05-31 00:00,1,85000, 벨라스위트 호텔
e_e002491,더존카라반&글램핑,0,5,Y,,,2,,,경기 포천시 이동면 화동로2076번길 125,경기 포천시 이동면 장암리 148-2,,,,5,149000,
e_e002495,클럽블루,1,3,Y,,,19,,클럽블루,,,,,2023-07-08 00:00,1,700000,A동 숙박비
e_e002506,해여림빌리지,1,5,Y,,,2,,캠핑톡주식회사,서울 중구 청계천로 40,서울 중구 다동 10,3100021,1114010200,2023-05-15 14:34,1,60000,(해여림) B-13 (파쇄석 사이트)
e_e002507,쉬자파크 초가원,1,9,Y,,,4,,양평군청,경기 양평군 양평읍 군청앞길 2,,4451158,4183025021,2023-05-23 18:24,1,170000,
e_e002514,핀란드캠핑성,1,5,Y,,,6,,네이버파이낸셜 주식회사,경기 성남시 분당구 정자일로 95,경기 성남시 분당구 정자동 178-4,3180021,4113510300,2023-05-09 00:00,1,350000,대형2
e_e002541,코트야드 바이 메리어트 수원,1,1,Y,,,2,,,,,,,2023-05-08 22:05,1,278000,[제너두숙박/티켓][경기]코트야드 메리어트 수원 23년 1월~6월
e_e002548,CF모텔,0,2,N,,,2,,,서울 강남구 언주로85길 10,서울 강남구 역삼동 720-33,,,,1,90000,
e_e002550,노보텔앰배서더 서울용산,1,1,Y,,,1,,(주)티몬,서울 강남구 압구정로 118,서울 강남구 신사동 529-4,3122007,1168010700,2023-06-03 00:00,1,169000,"(숙박세일페스타)노보텔 앰배서더 서울 용산,3만원 쿠폰+즉시할인2만원 중복적용(구매1개)"
e_e002555,청평글램독애견펜션,1,3,Y,,,2,,주식회사 온다,서울 강남구 테헤란로83길 49,서울 강남구 삼성동 152-69,4166762,1168010500,2023-06-02 19:39,1,159000,B102
e_e002556,WO모텔 용산역,0,2,Y,,,2,,,서울 용산구 한강대로7길 9,서울 용산구 한강로3가 40-18,,,,1,97666,
e_e002557,la casa  (라-까사),1,1,Y,,,2,,라까사호텔,서울 강남구 도산대로1길 83,,4166264,1168010700,2023-06-24 00:00,1,224500,숙박비
e_e002558,둥지펜션,0,3,Y,,,5,,,경기 양평군 서종면 황순원로 325-16,경기 양평군 서종면 수능리 175-9,,,,5,350000,
e_e002570,산타마리아펜션,0,3,Y,,,4,,,경기 가평군 가평읍 복장포길 118-3,경기 가평군 가평읍 복장리 256-5,,,,5,390000,
e_e002576,나인트리프리미어호텔 서울판교,1,1,Y,,,4,,나인트리 프리미어 호텔 서울 판교,경기 성남시 수정구 창업로 18,,3351887,4113111500,2023-06-03 00:00,1,233801,패밀리 키즈룸 with Breakfast for 2 -2인 조식 패키지
e_e002577,파인트리글램핑&캠핑장,0,5,Y,,,2,,,경기 포천시 이동면 화동로 1925-63,경기 포천시 이동면 연곡리 932,,,,1,13900,
e_e002582,신라스테이 광화문,1,1,Y,,,2,,신라스테이 광화문,서울 종로구 삼봉로 71,서울 종로구 수송동 156,3100006,1111012400,2023-06-18 00:00,1,135000,숙박비
e_e002584,블룸비스타,0,1,Y,,,4,,,경기 양평군 강하면 강남로 316,경기 양평군 강하면 전수리 1235,,,,4,150000,
e_e002589,테라피신축스파펜션,1,3,Y,,,2,,(주)여기어때컴퍼니,서울 강남구 봉은사로 479,,3122004,1168010500,2023-06-14 00:00,1,148000,가평 테라피스파펜션 
e_e002597,한화리조트 용인베잔송,2,4,Y,,,4,,웨어고 ㈜플레이스엠,서울 강남구 테헤란로79길 6,서울 강남구 삼성동 144-19,4166758,1168010500,2023-03-29 23:56,1,60000,[네고왕]한화리조트 전지점 초특가 행사
e_e002607,가평글램독애견펜션,1,3,Y,,,2,,㈜여기어때컴퍼니,서울 강남구 봉은사로 479,서울 강남구 삼성동 51-2,3122004,1168010500,2023-06-13 00:00,1,107000,가평 글램독 애견팬션
e_e002607,가평글램독애견펜션,2,3,Y,,,2,,글램독(가평),서울 강남구 테헤란로83길 49,서울 강남구 삼성동 152-69,4166762,1168010500,2023-06-23 18:49,3,30000,
e_e002610,경기도교직원 연천수덕원,0,11,Y,,,4,,,경기 연천군 신서면 동내로 1384,경기 연천군 신서면 내산리 154-1,,,,5,20000,
e_e002622,연인산리조트,1,3,Y,,,4,,가평연인산온천리조트,경기 가평군 북면 가화로 1575-16,경기 가평군 북면 도대리 70-111,3000142,4182035024,2023-06-17 00:00,1,199000,숙박비
e_e002625,죠이아독채풀빌라,0,3,Y,,,2,,,경기 가평군 가평읍 잎너비길 17-192,경기 가평군 가평읍 읍내리 75-2,,,,1,194990,
e_e002627,동화카라반캠핑장,1,5,Y,,,4,,주식회사지마켓,서울 강남구 테헤란로 152,서울 강남구 역삼동 737,3122010,1168010100,2023-06-03 08:45,1,136980,숙박비
e_e002633,여유당,0,6,Y,,,6,,,경기 여주시 강천면 원양1로 822,경기 여주시 강천면 도전리 655-1,,,,5,370000,
e_e002638,보코서울강남,0,1,Y,,,2,,,서울 강남구 도산대로 144,서울 강남구 논현동 6,,,,1,100000,
e_e002681,본모텔,1,2,Y,,,1,,㈜야놀자,서울 강남구 테헤란로108길 42,서울 강남구 대치동 1003,4166713,1168010600,2023-06-12 23:41,1,30000,오류 본모텔
e_e002683,슬기로운 펜션,1,3,Y,,,3,,가평 슬기로운펜션,경기 가평군 가평읍 북한강변로 908-21,경기 가평군 가평읍 이화리 9-6,3216019,4182025031,2023-06-12 11:23,1,100000,숙박비
e_e002697,에어비앤비,1,7,Y,,,3,,에어비앤비,,,,,2023-05-10 10:30,1,133362,숙박비
e_e002697,화웬하우스HQ,0,7,Y,,,3,,,연남로1길 31,,,,,1,35000,
e_e002728,호텔 카누,1,1,Y,,,2,,(주)여기어때컴퍼니,서울 강남구 봉은사로 479,,3122004,1168010500,2023-06-04 17:35,1,90000,이천 호텔 카누 
e_e002728,호텔 카누,3,1,Y,,,2,,호텔카누,경기 이천시 신둔면 경충대로3041번길 12,경기 이천시 신둔면 수남리 81-3,4421069,4150031028,2023-06-24 22:20,1,30000,
e_e002740,메이필드호텔 서울,0,1,Y,,,4,,,서울 강서구 방화대로 94,서울 강서구 외발산동 426,,,,1,202000,
e_e002745,파티룸 슈기 스튜디오,0,11,Y,,,4,,,179-40 5층,,,,,5,150000,
e_e002753,에이스드라이브인무인텔,1,2,Y,,,2,,㈜여기어때컴퍼니,서울 강남구 봉은사로 479,,3122004,1168010500,2023-06-05 00:00,3,30000,포천 에이스 드라이브인 무인텔
e_e002754,레스케이프호텔,2,1,Y,,,2,,㈜여기어때컴퍼니,서울 강남구 봉은사로 479,서울 강남구 삼성동 51-2,3122004,1168010500,2023-06-06 10:37,1,120920,HO-[매직프라이스]
e_e002763,나인트리 프리미어 로카우스 호텔 서울 용산,0,1,Y,,,2,,,서울 용산구 한강대로23길 25,서울 용산구 한강로3가 40-1050,,,,5,157000,
e_e002767,스카이리버펜션,0,3,Y,,,13,,,경기 가평군 청평면 북한강로 1588-7,,,,,5,500000,
e_e002770,코트야드 바이메리어트 서울타임스퀘어,1,1,Y,,,2,,(주)경방코트야드바이메리어트호텔,서울 영등포구 영중로 15,,3118024,1156010500,2023-07-01 15:36,1,381123,
e_e002782,자일랜드글램핑,0,5,Y,,,4,,,경기 포천시 영북면 호국로4350번길 154-187,경기 포천시 영북면 자일리 7-1,,,,5,170000,
e_e002784,고덕역효성해링턴타워더퍼스트오피스텔,0,11,Y,,,1,,,서울 강동구 고덕로 262,서울 강동구 명일동 46-2,,,,1,103977,
e_e002800,일성남한강콘도&리조트,0,4,Y,,,4,,,경기 여주시 신륵로 5,경기 여주시 천송동 563-6,,,,1,60000,
e_e002812,에어비앤비 숙소,0,11,Y,,,2,,,신흥로11길 25,,,,,1,113219,
e_e002915,위드독애견펜션,0,3,Y,,,2,,,경기 연천군 미산면 노아로 670-66,경기 연천군 미산면 아미리 145-76,,,,5,159000,
e_e002923,글램파크 캠핑장,2,5,Y,,,6,,포천 글램파크캠핑장,경기 포천시 이동면 화동로 1925-47,경기 포천시 이동면 연곡리 935,3213050,4165038023,,1,229000,숙박비
e_e002935,킹덤키즈풀빌라,1,3,Y,,,6,,떠나요닷컴,서울 성동구 광나루로6길 54,서울 성동구 성수동2가 279-14,4109035,1120011500,2023-06-06 14:33,1,690000,숙박비
e_e002937,스카이썬호텔,1,1,Y,,,2,,아고다,,,,,2023-06-09 00:00,1,80869,ICHEON SKY SUN HOTEL-숙박비
e_e002939,달빛정원펜션,0,3,Y,,,1,,,경기 가평군 상면 임초밤안골로 263,경기 가평군 상면 임초리 620-3,,,,1,329000,
e_e002940,하늘정원펜션,0,3,Y,,,10,,,경기 가평군 청평면 남이터길 23,경기 가평군 청평면 대성리 420-2,,,,5,380000,
e_e002957,난지캠핑장,1,5,Y,,,3,,,,,,,2023-06-17 00:00,1,1200000,레인보우 텐트
e_e002958,허브빌펜션,1,3,Y,,,3,,㈜여기어때컴퍼니,서울 강남구 봉은사로 479,,3122004,1168010500,2023-06-09 00:00,3,74000,허브빌 펜션-숙박비
e_e002965,친척집,0,10,N,,,2,,,109번지,,,,,4,0,
e_e002976,신라스테이 서대문,1,1,Y,,,1,,주식회사 인터파크,서울 강남구 삼성로 512,,3122005,1168010500,2023-06-11 13:40,1,109500,신라스테이 서대문 
e_e002986,에이스호텔,0,2,Y,,,2,,,경기 파주시 조리읍 통일로 170,경기 파주시 조리읍 봉일천리 60-15,,,,1,60000,
e_e003001,글래드 여의도,1,1,Y,,,2,,(주)타이드스퀘어투어비스,서울 중구 통일로 92,서울 중구 순화동 1-170,3000008,1114016800,2023-06-02 13:58,1,131750,숙박비
e_e003001,글래드 여의도,2,1,Y,,,2,,투어비스,서울 중구 남대문로 78,,3101001,1114012600,2023-06-02 00:00,1,185000,글래드 여의도
e_e003002,큰삼촌농촌체험여행,0,8,Y,,,2,,,경기 양평군 청운면 신론로 358,경기 양평군 청운면 신론리 294-1,,,,5,180000,
e_e003004,호텔도노,1,1,Y,,,2,,(주)인터파크,서울 강남구 삼성로 512,,3122005,1168010500,2023-06-16 17:46,1,110000,수원 도노1796호텔
e_e003017,돌체카사호텔,0,1,Y,,,2,,,경기 남양주시 조안면 북한강로989번길 4,경기 남양주시 조안면 삼봉리 10,,,,1,40000,
e_e003020,파로스관광호텔,1,1,Y,,,2,,(주)야놀자 ,서울 강남구 테헤란로108길 42,서울 강남구 대치동 1003,4166713,1168010600,2023-06-08 11:16,1,90000,파로스 호텔
e_e003022,테이크호텔,1,1,Y,,,3,,소노인터내셔널,,,,,2023-05-24 19:11,1,250000,숙박비 [인피니티풀 무료] TAKE 4
e_e003023,해와달수상카바나빌리지,1,5,Y,,,4,,(주)펜션뱅크,강원특별자치도 춘천시 경춘로 2364,강원특별자치도 춘천시 온의동 513-3,3000120,5111012100,2023-06-08 13:44,1,27500,해와달수상카바나빌리지
e_e003033,골든튤립에버 용인호텔,1,1,Y,,,2,,골든튤립 에버 용인호텔,경기 용인시 처인구 포곡읍 전대로78번길 19-2,경기 용인시 처인구 포곡읍 전대리 356-1,4409732,4146125027,2023-06-11 00:00,1,87360,숙박비
e_e003034,호텔 시엘로,1,1,Y,,,2,,주식회사 여기어때컴퍼니,서울 강남구 봉은사로 479,,3122004,1168010500,2023-06-13 16:00,3,63000,MO오션 디럭스트윈  
e_e003039,늘푸른쉼터 오토캠프장,0,5,Y,,,1,,,경기 가평군 설악면 어비산길 76,경기 가평군 설악면 가일리 140-1,,,,2,120000,
e_e003051,IMT모텔,1,2,Y,,,2,,종로아이엠티호텔,서울 종로구 수표로18가길 8,,4100193,1111015500,2023-06-24 13:24,3,80000,숙박비 
e_e003062,골든튤립에버 용인호텔,1,1,Y,,,2,,(주)트립토파즈,서울 강남구 논현로135길 48,서울 강남구 논현동 28-2,4166133,1168010800,2023-06-08 21:55,1,73997,골든튤립 에버 용인 호텔
e_e003071,호텔더캐슬 2호점,0,1,Y,,,2,,,서울 송파구 올림픽로32길 7-1,서울 송파구 방이동 36-18,,,,1,40000,
e_e003073,다온펜션,0,3,Y,,,8,,,경기 가평군 조종면 운악청계로371번길 85,경기 가평군 조종면 신상리 262-52,,,,4,369000,
e_e003073,다온펜션,1,3,Y,,,8,,,,,,,2023-06-09 20:38,3,349000,다온(독채/단체) 숙박비
e_e003079,호텔JJ,0,1,N,,,2,,,경기 수원시 팔달구 권광로175번길 25,경기 수원시 팔달구 인계동 1044-17,,,,4,0,
e_e003080,양평더휴글램핑장,0,5,Y,,,1,,,경기 양평군 옥천면 옥천체육공원길 4,경기 양평군 옥천면 옥천리 514-1,,,,5,209000,
e_e003080,양평더휴글램핑장,1,5,Y,,,1,,양평 더휴 글램핑장,경기 양평군 옥천면 옥천체육공원길 4,경기 양평군 옥천면 옥천리 514-1,4452007,4183034021,2023-05-27 18:39,3,209000,카바나3호-숙박비
e_e003102,더블트리 바이 힐튼 서울 판교,0,1,Y,,,2,,,경기 성남시 분당구 백현로 26,경기 성남시 분당구 정자동 3-2,,,,1,264650,
e_e003107,라마다용인호텔,1,1,Y,,,4,,주식회사 온다,서울 강남구 테헤란로83길 49,서울 강남구 삼성동 152-69,4166762,1168010500,2023-06-09 00:00,1,104010,디럭스 프리미어 트윈
e_e003109,슈가풀빌라&스파글램핑,1,3,Y,,,4,,(주)여기어때컴퍼니,서울 강남구 봉은사로 479,,3122004,1168010500,2023-06-08 00:00,3,276230,숙박비
e_e003115,취옹예술관,0,6,Y,,,4,,,경기 가평군 상면 수목원로 300,경기 가평군 상면 행현리 563,,,,1,150000,
e_e003120,원더풀글램핑앤카라반,0,5,Y,,,2,,,임초반암골로 117-27,,,,,3,249000,
e_e003126,채송화하우스,0,3,Y,,,3,,,경기 가평군 북면 가화로 1420-60,경기 가평군 북면 제령리 641,,,,5,205000,
e_e003143,H에비뉴 건대점,1,1,Y,,,1,,에이치에비뉴호텔,서울 광진구 동일로 156,,3000001,1121510700,2023-06-30 10:17,1,135000,숙박비 
e_e003150,율곡관광농원 오토캠핑장,1,5,Y,,,2,,캠핑톡 주식회사,서울 중구 청계천로 40,서울 중구 다동 10,3100021,1114010200,2023-06-10 16:51,1,50000,[율곡]오토캠핑 파쇄석
e_e003156,라마다앙코르바이윈덤 김포한강호텔,1,1,Y,,,1,,㈜야놀자 ,서울 강남구 테헤란로108길 42,서울 강남구 대치동 1003,4166713,1168010600,2023-06-11 00:00,3,100000,라마다 앙코르 바이 윈덤 김포 한강 호텔
e_e003159,플라자CC 용인,0,4,N,,,5,,,경기 용인시 처인구 남사읍 봉무로153번길 79,경기 용인시 처인구 남사읍 통삼리 1-1,,,,4,0,
e_e003162,호텔페이토 삼성,0,1,Y,,,1,,,서울 강남구 테헤란로87길 9,서울 강남구 삼성동 158-13,,,,1,166858,
e_e003172,호텔리베라,1,1,Y,,,1,,㈜야놀자,서울 강남구 테헤란로108길 42,서울 강남구 대치동 1003,4166713,1168010600,2023-06-13 00:00,3,89729,호텔 리베라 청담
e_e003175,편안하개펜션,0,3,Y,,,4,,,경기 양평군 양동면 양서북로 593-20,,,,,4,30000,
e_e003184,물왕숲캠핑파크,0,5,Y,,,2,,,경기 시흥시 동서로 706-90,경기 시흥시 물왕동 341-11,,,,1,77000,
e_e003190,한화리조트 산정호수안시,1,4,Y,,,2,,한화리조트,,,,,2023-03-24 13:57,3,60000,숙박비
e_e003196,오라카이 송도파크호텔,1,1,Y,,,2,,㈜여기어때컴퍼니,서울 강남구 봉은사로 479,,3122004,1168010500,2023-06-11 20:35,3,146000,HO-[쿨서머-나이트타임 
e_e003198,브라운도트 용인점,1,1,Y,,,3,,용인 브라운도트,경기 용인시 처인구 금령로106번길 5,경기 용인시 처인구 김량장동 99-2,4409109,4146110100,2023-06-11 21:23,3,150000,숙박비
e_e003202,호텔하우스,1,1,Y,,,2,,주식회사 야놀자,서울 강남구 테헤란로108길 42,서울 강남구 대치동 1003,4166713,1168010600,2023-06-17 19:49,1,179000,가평 하우스(HAUS) 
e_e003210,헤이리힐스타운하우스,1,3,Y,,,2,,에어비앤비,,,,,2023-06-11 22:22,1,202177,숙박비
e_e003212,오라카이 송도파크호텔,1,1,Y,,,1,,(주)야놀자,서울 강남구 테헤란로108길 42,서울 강남구 대치동 1003,4166713,1168010600,2023-06-14 22:14,1,68900,오라카이 송도파크
e_e003227,킹덤키즈풀빌라,1,3,Y,,,6,,킹덤키즈풀빌라리조트 주식회사,경기 가평군 설악면 미사리로 614-28,,3216014,4182031026,2023-06-26 15:13,1,110000,
e_e003227,킹덤키즈풀빌라,2,3,Y,,,6,,주식회사 떠나요,서울 성동구 광나루로6길 54,서울 성동구 성수동2가 279-14,4109035,1120011500,2023-05-25 12:22,1,400000,1201호 바나나1층 
e_e003235,인디어라운드,0,5,Y,,,5,,,경기 이천시 이섭대천로941번길 49-44,,,,,5,270000,
e_e003237,까사펜션,1,3,Y,,,2,,㈜야놀자,서울 강남구 테헤란로108길 42,서울 강남구 대치동 1003,4166713,1168010600,2023-06-15 12:23,1,109000,포천 까사펜션
e_e003245,SR호텔,1,2,Y,,,2,,주식회사 야놀자,서울 강남구 테헤란로108길 42,서울 강남구 대치동 1003,4166713,1168010600,2023-06-10 00:01,1,122000,SR 호텔 서울 마곡
e_e003267,화적연펜션,1,3,Y,,,2,,포천 화적연펜션,경기 포천시 영북면 북원로255번길 9-41,,4439224,4165039022,2023-07-01 00:00,1,197262,숙박비 
e_e003272,휴랜드관광농원,1,3,Y,,,6,,휴랜드관광농원,경기 포천시 이동면 금강로 6159-25,경기 포천시 이동면 도평리 509-1,3000121,4165038022,2023-04-15 15:26,1,370000,숙박비
e_e003275,감성스테이,0,5,Y,,,3,,,경기 가평군 청평면 남이터길 52-35,경기 가평군 청평면 대성리 산 185-243,,,,1,90000,
e_e003278,은대리쉼나루,0,3,Y,,,3,,,경기 연천군 전곡읍 평화로940번길 200,경기 연천군 전곡읍 은대리 49-1,,,,3,90000,
e_e003280,또바기스파글램핑,1,5,Y,,,2,,또바기 애견동반  글램핑 펜션,경기 가평군 북면 멱골로 205-10,,3216010,4182035021,2023-06-18 00:00,1,159000,숙박비
e_e003285,깊은산계곡산장,1,8,Y,,,2,,깊은산계곡산장,경기 가평군 북면 화악산로 1359-15,경기 가평군 북면 화악리 1072-4,3000144,4182035023,2023-06-27 09:18,1,70000,숙박비
e_e003289,경기 김포시 김포한강9로 80 다온프라자 7층,0,1,Y,,,2,,,캘리포니아 호텔,,,,,1,90000,
e_e003291,더스틸펜션,1,3,Y,,,2,,㈜여기어때컴퍼니,서울 강남구 봉은사로 479,,3122004,1168010500,2023-06-13 00:00,1,68000,가평 더스틸(마운틴뷰)
e_e003293,대부도펜션밸리 레이나펜션,1,3,Y,,,7,,대부도펜션밸리,경기 안산시 단원구 부흥로 249-13,경기 안산시 단원구 대부남동 3-480,3191030,4127311200,2023-04-01 10:30,1,550000,숙박비
e_e003296,산마루캠핑장,1,5,Y,,,2,,포천 산마루캠핑장,경기 포천시 이동면 금강로 6584-20,,3000121,4165038022,2023-06-20 21:07,3,109000,숙박비 
e_e003300,숙소,1,7,Y,,,2,,에어비앤비,,,,,2023-06-11 21:53,1,110380,숙박비 
e_e003300,스파이키하우스 흑석점,1,7,N,,,2,,스파이키하우스,서울 동작구 흑석로9길 10,서울 동작구 흑석동 190-11,4157665,1159010500,2023-06-18 23:57,1,25400,
e_e003311,남한강썬밸리호텔,1,1,Y,,,2,,주식회사 카카오페이,경기 성남시 분당구 판교역로 166,경기 성남시 분당구 백현동 532,3179025,4113511000,2023-06-08 12:23,1,141554,
e_e003326,카사레스펜션,1,3,Y,,,4,,아고다,,,,,2023-06-14 00:00,1,120967,가평 카사레스펜션 
e_e003328,용문산자연휴양림,1,5,Y,,,1,,용문산자연휴양림,경기 양평군 양평읍 경강로 2401,,3000145,4183025028,2023-06-19 14:58,1,3000,
e_e003328,용문산자연휴양림,3,5,Y,,,1,,양평공사,경기 양평군 양평읍 경강로 2403,경기 양평군 양평읍 대흥리 505-11,3000145,4183025028,2023-06-14 14:05,1,10000,
e_e003329,서울신라호텔,1,1,Y,,,7,,웹투어,서울 종로구 인사동5길 29,서울 종로구 인사동 194-27,4100254,1111013600,2023-05-15 15:29,1,352000,서울신라호텔 숙박비
e_e003331,아이섬풀글램핑,0,5,Y,,,5,,,경기 가평군 북면 꽃넘이길 115-115,경기 가평군 북면 제령리 613-1,,,,1,98500,
e_e003332,리버마운틴펜션,1,3,Y,,,2,,㈜야놀자,서울 강남구 테헤란로108길 42,서울 강남구 대치동 1003,4166713,1168010600,2023-06-15 16:14,3,147660,가평 리버마운틴펜션
e_e003335,건대입구역자이엘라오피스텔,0,11,Y,,,2,,,서울 광진구 능동로 87,서울 광진구 자양동 2-2,,,,2,138766,
e_e003336,Si호텔,1,2,Y,,,2,,주식회사 인터파크트리플,서울 강남구 삼성로 512,,3122005,1168010500,2023-06-29 10:09,1,44000,독산 SI호텔
e_e003341,서울신라호텔,1,1,Y,,,2,,(주)호텔신라,서울 중구 동호로 249,,3005001,1114014400,2023-06-25 00:00,1,112000,숙박비
e_e003342,라퓨타리조트,1,3,Y,,,2,,가평 라퓨타 리조트,경기 가평군 가평읍 북한강변로 576,경기 가평군 가평읍 금대리 309-7,3216019,4182025034,2023-06-21 00:00,1,143100,숙박비 
e_e003349,호텔플렉스,1,2,Y,,,2,,㈜야놀자,서울 강남구 테헤란로108길 42,서울 강남구 대치동 1003,4166713,1168010600,2023-06-23 00:16,3,35000,수원(인계동) 호텔 플렉스
e_e003356,사나사,1,11,Y,,,2,,사나사,경기 양평군 옥천면 사나사길 329,,4451585,4183034022,2023-06-12 10:14,1,30000,템플스테이-숙박비
e_e003357,스타즈호텔 동탄점,1,1,Y,,,2,,(주)야놀자,서울 강남구 테헤란로108길 42,서울 강남구 대치동 1003,4166713,1168010600,2023-06-02 00:00,3,68000,스타즈 호텔 동탄
e_e003360,동화카라반캠핑장,0,5,Y,,,4,,,경기 가평군 가평읍 가화로 440-151,경기 가평군 가평읍 마장리 395-20,,,,1,199900,
e_e003369,스타즈호텔 동탄점,1,1,Y,,,2,,주식회사 지마켓,서울 강남구 테헤란로 152,서울 강남구 역삼동 737,3122010,1168010100,2023-07-01 00:00,1,72000,스타즈 호텔 동탄-숙박비
e_e003371,호텔 나루 서울 엠갤러리,1,1,Y,,,2,,주식회사 트립토파즈,서울 강남구 논현로135길 48,서울 강남구 논현동 28-2,4166133,1168010800,2023-06-27 22:30,1,430509,호텔나루 서울엠갤러리 앰배서더
e_e003380,밀리오레호텔 명동,1,1,Y,,,2,,㈜야놀자,서울 강남구 테헤란로108길 42,서울 강남구 대치동 1003,4166713,1168010600,2023-06-04 00:00,1,130000,밀리오레 호텔 서울 명동
e_e003386,에일린펜션,0,3,Y,,,2,,,경기 가평군 가평읍 태봉두밀로 522-72,경기 가평군 가평읍 두밀리 337,,,,1,184300,
e_e003388,풀빌라앤글램핑랜드,1,5,Y,,,2,,주식회사 야놀자,서울 강남구 테헤란로108길 42,서울 강남구 대치동 1003,4166713,1168010600,2023-06-16 00:02,1,167000,가평 풀빌라&글램핑랜드
e_e003400,알맹이캠핑장,0,5,Y,,,2,,,경기 포천시 내촌면 금강로3046번길 106,경기 포천시 내촌면 신팔리 338-6,,,,4,0,
e_e003402,호텔라와,1,1,Y,,,2,,종로 호텔라와,서울 종로구 수표로26길 3,서울 종로구 낙원동 135-1,4100197,1111013700,2023-06-21 09:46,3,50000,숙박비
e_e003409,M모텔,1,2,Y,,,2,,㈜여기어때컴퍼니,서울 강남구 봉은사로 479,서울 강남구 삼성동 51-2,3122004,1168010500,2023-06-17 00:00,3,45000,사당 M
e_e003411,라마다용인호텔,1,1,Y,,,3,,㈜야놀자,서울 강남구 테헤란로108길 42,서울 강남구 대치동 1003,4166713,1168010600,2023-06-14 00:00,3,196900,라마다용인호텔
e_e003417,호텔식스티,1,2,Y,,,1,,(주)여기어때컴퍼니,서울 강남구 봉은사로 479,,3122004,1168010500,2023-06-05 00:00,3,110000,신천 식스티
e_e003431,탑클라우드호텔 수원점,0,1,Y,,,2,,,경기 수원시 장안구 수성로350번길 13,경기 수원시 장안구 영화동 305-1,,,,1,70000,
e_e003439,테이크호텔,1,1,Y,,,2,,아고다,,,,,2023-07-04 02:34,1,127316,숙박비
e_e003440,너리굴문화마을,0,3,Y,,,3,,,경기 안성시 보개면 너리굴길 100,경기 안성시 보개면 신장리 63-1,,,,3,150000,
e_e003442,레스트호텔,1,1,Y,,,2,,주식회사 인터파크,서울 강남구 삼성로 512,,3122005,1168010500,2023-06-14 17:29,1,45000,김포 레스트호텔 
e_e003463,한화리조트 용인베잔송,0,4,Y,,,2,,,경기 용인시 처인구 남사읍 봉무로153번길 79,,,,,1,60000,
e_e003465,SL모텔,1,2,Y,,,2,,(주)야놀자,서울 강남구 테헤란로108길 42,서울 강남구 대치동 1003,4166713,1168010600,2023-06-16 16:36,3,60000,영등포구청역 SL
e_e003471,취옹예술관,1,6,Y,,,2,,가평 취옹예술관,경기 가평군 상면 수목원로 300,,3216056,4182033023,2023-06-15 00:00,3,120000,숙박비
e_e003472,라마다인천호텔,1,1,Y,,,2,,야놀자클라우드코리아,서울 강남구 테헤란로108길 42,서울 강남구 대치동 1003,4166713,1168010600,,1,129000,라마다 인천
e_e003475,테이크호텔,1,1,Y,,,3,,야놀자클라우드코리아,서울 강남구 테헤란로108길 42,서울 강남구 대치동 1003,4166713,1168010600,2023-06-18 00:00,1,165000,테이크호텔  광명
e_e003486,노블글램핑,1,5,Y,,,3,,주식회사비즈온네트웍스,강원특별자치도 춘천시 춘주로 54,강원특별자치도 춘천시 온의동 107,3218036,5111012100,2023-06-03 18:37,1,99000,당일치기/숙박불가1-감성카바나A
e_e003502,일곱난쟁이,0,3,Y,,,3,,,경기 가평군 상면 녹수계곡로 41,경기 가평군 상면 덕현리 345-4,,,,3,59000,
e_e003506,라마다프라자 수원호텔,1,1,Y,,,5,,AGODA_NICE,,,,,2023-06-28 02:49,1,291622,숙박비
e_e003514,그랜드하얏트서울,1,1,Y,,,2,,그랜드 하얏트 서울,서울 용산구 소월로 322,서울 용산구 한남동 747-7,3101018,1117013100,2023-06-17 11:34,3,568700,숙박비 
e_e003515,동생 집,0,10,Y,,,1,,,금신로 276 106동 903호,,,,,4,0,
e_e003518,골든튤립에버 용인호텔,1,1,Y,,,1,,골든튤립 에버용인 호텔,경기 용인시 처인구 포곡읍 전대로78번길 19-2,경기 용인시 처인구 포곡읍 전대리 356-1,4409732,4146125027,2023-06-17 13:29,3,96400,HO-디럭스더블
e_e003561,레드펜션 본관,0,3,Y,,,2,,,경기 가평군 가평읍 태봉두밀로 269-64,경기 가평군 가평읍 하색리 778-28,,,,5,90000,
e_e003570,호텔 U5,1,1,Y,,,1,,주식회사 여기어때컴퍼니,서울 강남구 봉은사로 479,,3122004,1168010500,2023-06-13 16:00,3,49500,HO파격특가 퀸A
e_e003572,호텔스카이파크킹스타운 동대문점,1,1,Y,,,2,,아고다,,,,,2023-06-20 00:00,1,86857,호텔스카이파크 킹스타운 동대문-숙박비
e_e003576,비클래시 북한강점,1,3,Y,,,2,,,,,,,2023-06-15 00:02,3,159000,
e_e003589,가평용추계곡별천지펜션,0,3,Y,,,6,,,경기 가평군 가평읍 용추로 508-36,경기 가평군 가평읍 승안리 631-4,,,,1,216000,
e_e003591,콘래드 서울,1,1,Y,,,2,,콘래드 서울 호텔,서울 영등포구 국제금융로 10,서울 영등포구 여의도동 23,3118002,1156011000,2023-06-24 00:00,1,0,
e_e003603,한화리조트 산정호수안시,1,4,Y,,,4,,한화호텔앤드리조트(주)/산정호수,경기 포천시 영북면 산정호수로 402,경기 포천시 영북면 산정리 454-4,3213016,4165039023,2023-07-09 10:40,1,152700,숙박비
e_e003617,라이브러리스테이 지지향,0,7,Y,,,2,,,경기 파주시 회동길 145,경기 파주시 문발동 524-3,,,,1,110000,
e_e003632,오라호텔,1,2,Y,,,2,,,,,,,2023-06-22 14:20,1,0,MO-스탠다드 숙박비
e_e003640,헤라모텔,0,2,Y,,,2,,,서울 광진구 동일로 335,서울 광진구 중곡동 611-1,,,,1,50000,
e_e003663,쉐라톤그랜드 인천호텔,0,1,Y,,,3,,,인천 연수구 컨벤시아대로 153,인천 연수구 송도동 6-9,,,,1,427380,
e_e003673,소도호텔,1,1,Y,,,2,,(주)여기어때컴퍼니,서울 강남구 봉은사로 479,,3122004,1168010500,2023-07-07 00:00,3,100000,파주 소도호텔
e_e003700,아마존게스트하우스,0,7,Y,,,1,,,서울 용산구 녹사평대로26가길 25,서울 용산구 이태원동 79-59,,,,5,25000,
e_e003716,크리스하우스,0,3,Y,,,2,,,경기 가평군 가평읍 북한강변로 360-91,,,,,5,70000,
e_e003721,도그더왈츠펜션,1,3,Y,,,6,,㈜야놀자,서울 강남구 테헤란로108길 42,서울 강남구 대치동 1003,4166713,1168010600,2023-05-31 15:22,1,379000,숙박비
e_e003724,파라스파라 서울,1,1,Y,,,2,,정상북한산리조트,서울 강북구 삼양로 689,서울 강북구 우이동 346,3005041,1130510400,2023-06-29 15:05,1,255000,
e_e003726,이지캠핑장,0,5,Y,,,4,,,경기 가평군 설악면 유명로 2110,경기 가평군 설악면 회곡리 247,,,,4,150000,
e_e003727,호텔루엠 안성점,1,2,Y,,,1,,(주)여기어때컴퍼니,서울 강남구 봉은사로 479,,3122004,1168010500,2023-06-23 05:33,1,50000,안성 호텔 루엠
e_e003749,노마드호텔,0,1,Y,,,2,,,경기 안성시 보개면 보개원삼로 492,경기 안성시 보개면 기좌리 43-3,,,,1,45000,
e_e003758,호텔맥,1,2,Y,,,3,,신촌MAC,서울 서대문구 연세로2길 46,서울 서대문구 창천동 20-40,4136234,1141011600,2023-06-24 00:00,3,120000,숙박비
e_e003761,가족 집,0,10,N,,,2,,,안평로115번길 94,,,,,4,0,
e_e003765,Q호텔,1,2,Y,,,2,,주식회사 야놀자,서울 강남구 테헤란로108길 42,서울 강남구 대치동 1003,4166713,1168010600,2023-07-06 00:40,1,66000,숙박비
e_e003773,노블글램핑,1,5,Y,,,2,,노블글램핑,경기 포천시 군내면 청군로 2800,경기 포천시 군내면 직두리 154-16,3213060,4165031026,2023-06-30 00:00,1,119000,카라반C6(마운틴뷰)
e_e003777,서머셋팰리스 서울,0,1,Y,,,2,,,서울 종로구 율곡로2길 7,,,,,4,170000,
e_e003781,호텔마루,1,2,Y,,,2,,(주)여기어때컴퍼니,서울 강남구 봉은사로 479,,3122004,1168010500,2023-06-20 23:46,1,45000,MO 숙박비
e_e003783,포포인츠바이쉐라톤 수원호텔,1,1,Y,,,2,,㈜야놀자,서울 강남구 테헤란로108길 42,서울 강남구 대치동 1003,4166713,1168010600,2023-06-05 00:37,1,212000,포포인츠 바이 쉐라톤
e_e003792,궁호텔,2,2,Y,,,6,,AGODA_NICE,서울 마포구 마포대로 217,서울 마포구 아현동 686,2113001,1144010100,,1,49174,숙박비
e_e003795,저스트스테이호텔 왕십리역점,1,2,Y,,,2,,왕십리 저스트스테이-왕십리역점,서울 성동구 왕십리로22길 12-1,서울 성동구 도선동 92,4109437,1120010400,2023-06-24 16:12,1,20600,숙박비
e_e003797,에어비앤비,0,11,Y,,,2,,,국원말길 42-9,,,,,1,98200,
e_e003808,글래드 여의도,1,1,Y,,,2,,트립비토즈,서울 구로구 디지털로26길 72,서울 구로구 구로동 222-22,4148327,1153010200,2023-06-03 16:10,1,105240,숙박비
e_e003819,라마다용인호텔,1,1,Y,,,2,,(주)야놀자,서울 강남구 테헤란로108길 42,서울 강남구 대치동 1003,4166713,1168010600,2023-05-30 16:44,1,103300,라마다용인호텔 
e_e003821,테이크호텔,0,1,N,,,2,,,경기 광명시 신기로 22,경기 광명시 일직동 512-3,,,,3,150000,
e_e003840,케이힐스더테라스,1,4,Y,,,1,,㈜여기어때컴퍼니,서울 강남구 봉은사로 479,서울 강남구 삼성동 51-2,3122004,1168010500,2023-06-21 00:00,1,67500,HO-스탠다드 더블 테라스
e_e003845,소피텔앰배서더 서울,1,1,Y,,,2,,(주)마이리얼트립,서울 서초구 강남대로 311,서울 서초구 서초동 1338-12,2102001,1165010800,2023-05-09 16:50,1,319000,소피텔 앰배서더 서울 숙박권
e_e003850,나인트리프리미어호텔 서울판교,1,1,Y,,,2,,(주)여기어때컴퍼니,서울 강남구 봉은사로 479,,3122004,1168010500,2023-06-27 00:00,1,261000,나인트리 프리미어 호텔 서울 판교
e_e003857,하늘땅별땅캠핑장,1,5,Y,,,3,,땡큐캠핑,서울 마포구 연남로 45,서울 마포구 연남동 369-20,3113016,1144012400,2023-06-24 13:00,3,60000,하늘땅별땅쉼터 캠핑장 
e_e003870,곤지암리조트,1,4,Y,,,6,,곤지암리조트,경기 광주시 도척면 도척윗로 278,,3211012,4161033026,2023-06-24 00:00,1,286000,숙박비 
e_e003885,에버덴호텔,1,2,Y,,,2,,㈜인터파크트리플 ,서울 강남구 삼성로 512,,3122005,1168010500,2023-06-02 00:00,1,75000,안양 에버덴 호텔 
e_e003886,레이키푸이스토 키즈리조트,1,4,Y,,,4,,(주)여기어때컴퍼니,서울 강남구 봉은사로 479,,3122004,1168010500,2023-06-11 14:36,1,271600,PE-010(키즈텐트 무료) 
e_e003891,호텔신북온천,1,1,Y,,,4,,신북온천,,,,,2023-06-13 11:01,3,120000,숙박비
e_e003892,림호텔,1,2,Y,,,2,,주식회사 여기어때컴퍼니,서울 강남구 봉은사로 479,,3122004,1168010500,2023-06-23 02:57,1,26100,MO-빠른입실(주차불가)
e_e003896,골든튤립에버 용인호텔,1,1,Y,,,3,,호텔엔조이,서울 강서구 마곡동로 55,서울 강서구 마곡동 774-12,3155046,1150010500,2023-06-19 00:00,1,127900,골든튤립 에버용인호텔
e_e003898,더히로플레이그라운드펜션,0,3,Y,,,2,,,경기 포천시 화현면 봉화로 201-65,경기 포천시 화현면 명덕리 163-7,,,,2,140000,
e_e003928,메이필드호텔 서울,1,1,Y,,,2,,(주)야놀자 ,서울 강남구 테헤란로108길 42,서울 강남구 대치동 1003,4166713,1168010600,2023-06-22 00:13,3,230000,메이필드호텔 서울
e_e003945,미즈호텔,1,1,Y,,,2,,㈜여기어때컴퍼니,서울 강남구 봉은사로 479,,3122004,1168010500,2023-06-22 19:58,1,55000,MO-Deluxe-숙박비
e_e003958,호텔파크하비오,1,1,Y,,,2,,(주)인터파크트리플,서울 강남구 삼성로 512,,3122005,1168010500,2023-06-26 10:07,1,108050,파크 하비오 호텔 
e_e003963,화이트호텔,1,2,Y,,,2,,(주)여기어때컴퍼니,서울 강남구 봉은사로 479,,3122004,1168010500,2023-06-23 00:00,3,40000,수원 화이트 호텔
e_e003968,블릭스호텔,1,1,Y,,,2,,(주)티몬,서울 강남구 압구정로 118,서울 강남구 신사동 529-4,3122007,1168010700,2023-06-29 00:00,1,35000,수원(인계동) 블릭스
e_e003975,가람슬기스파수영장펜션,0,3,Y,,,9,,,경기 가평군 가평읍 북한강변로 188-1,경기 가평군 가평읍 금대리 564-1,,,,5,276200,
e_e003980,국립중미산자연휴양림,1,9,Y,,,2,,중미산 자연휴양림,경기 양평군 옥천면 중미산로 1152,경기 양평군 옥천면 신복리 산 201-2,3217023,4183034023,2023-06-21 22:24,1,58000,숙박비
e_e003999,론스타호텔,1,1,Y,,,2,,㈜여기어때컴퍼니,서울 강남구 봉은사로 479,,3122004,1168010500,2023-07-03 20:18,1,25000,일반-프로모션 이벤트(넷플릭스)
e_e004005,몬드리안 서울 이태원,1,1,Y,,,2,,몬드리안 서울 이태원,서울 용산구 장문로 23,,3102011,1117013000,2023-07-08 00:00,1,347985,
e_e004010,후탄펜션,1,3,Y,,,2,,가평 후탄독채펜션,경기 가평군 상면 구정동길 13,경기 가평군 상면 덕현리 182,4448020,4182033025,2023-06-21 13:45,1,0,숙박비
e_e004017,파인벨리 글램핑 3호점,1,5,Y,,,2,,3호점 프리미엄글램핑,경기 포천시 화현면 봉화로 315-108,경기 포천시 화현면 명덕리 193-11,3213053,4165041022,,1,126000,숙박비
e_e004020,더블트리 바이 힐튼 서울 판교,1,1,Y,,,3,,더블트리 바이 힐튼 서울 판교,경기 성남시 분당구 백현로 26,,3180022,4113510300,2023-07-06 22:29,1,192280,숙박비
e_e004042,호텔월,1,2,Y,,,1,,㈜여기어때컴퍼니,서울 강남구 봉은사로 479,서울 강남구 삼성동 51-2,3122004,1168010500,2023-06-27 00:00,1,25000,인덕원 월
e_e004048,한화리조트 용인베잔송,0,4,Y,,,4,,,경기 용인시 처인구 남사읍 봉무로153번길 79,경기 용인시 처인구 남사읍 봉무리 257-1,,,,1,149000,
e_e004062,인더시티비즈니스호텔,0,1,Y,,,1,,,서울 강남구 테헤란로37길 13-8,서울 강남구 역삼동 677-8,,,,1,70000,
e_e004071,을지로코업레지던스,1,1,Y,,,2,,㈜여기어때컴퍼니 ,서울 강남구 봉은사로 479,,3122004,1168010500,2023-06-27 00:00,3,80000,을지로 코업 레지던스 
e_e004073,그라티아글램핑,0,5,Y,,,2,,,경기 가평군 가평읍 태봉두밀로 421-24,경기 가평군 가평읍 두밀리 216,,,,1,159000,
e_e004073,그라티아글램핑,1,5,Y,,,2,,(주)야놀자,서울 강남구 테헤란로108길 42,서울 강남구 대치동 1003,4166713,1168010600,2023-06-17 15:54,1,159000,가평 그라티아글램
e_e004076,파라스파라 서울,1,1,Y,,,5,,주식회사 정상북한산리조트,서울 강북구 삼양로 689,서울 강북구 우이동 346,3005041,1130510400,2023-07-02 14:30,1,299000,숙박비
e_e004100,라고호텔,1,1,Y,,,2,,신갈 라고호텔,경기 용인시 기흥구 신정로237번길 5-5,경기 용인시 기흥구 신갈동 536-5,4412185,4146310100,2023-06-30 12:53,3,65000,숙박비
e_e004122,남한강썬밸리호텔,1,1,Y,,,4,,주식회사 온다,서울 강남구 테헤란로 431,,3122010,1168010500,2023-06-28 00:00,1,154000,남한강 썬밸리호텔
e_e004141,파로스관광호텔,1,1,Y,,,2,,주식회사 야놀자,서울 강남구 테헤란로108길 42,서울 강남구 대치동 1003,4166713,1168010600,2023-06-07 01:37,1,120000,파로스 호텔 
e_e004142,자일랜드글램핑,1,5,Y,,,3,,주식회사떠나요,서울 성동구 광나루로6길 5,서울 성동구 성수동2가 280-33,4109035,1120011500,2023-06-16 10:04,1,69000,경기 포천 자일랜드 글램핑 
e_e004146,에버덴호텔,3,1,Y,,,2,,주식회사 야놀자,서울 강남구 테헤란로108길 42,서울 강남구 대치동 1003,4166713,1168010600,2023-07-21 00:00,3,80000,안양 에버덴 호텔 
e_e004148,반디호텔,1,2,Y,,,1,,㈜여기어때컴퍼니,서울 강남구 봉은사로 479,서울 강남구 삼성동 51-2,3122004,1168010500,2023-07-11 02:16,1,45000,숙박비
e_e004149,콘래드 서울,0,1,Y,,,2,,,서울 영등포구 국제금융로 10,서울 영등포구 여의도동 23-1,,,,4,60000,
e_e004162,호텔아비숑,0,1,Y,,,1,,,서울 종로구 율곡로6길 19,서울 종로구 운니동 37-2,,,,1,52727,
e_e004172,스위스그랜드호텔 서울,0,1,Y,,,4,,,서울 서대문구 연희로 353,서울 서대문구 홍은동 201-1,,,,1,320166,
e_e004173,평택헤르메스호텔,0,1,N,,,2,,,경기 평택시 포승읍 도곡길 774-19,,,,,1,50000,
e_e004173,평택헤르메스호텔,1,1,Y,,,2,,평택 헤르메스 호텔,경기 평택시 포승읍 원도곡길 2,경기 평택시 포승읍 도곡리 744-19,4364565,4122025622,2023-06-28 01:29,1,0,숙박비
e_e004174,휴아일랜드펜션,0,3,Y,,,2,,,경기 가평군 가평읍 태봉두밀로 269-96,경기 가평군 가평읍 하색리 778-3,,,,4,131100,
e_e004190,유명산258오토캠핑장,1,5,Y,,,3,,유명산258오토캠핑장 강자갈존,경기 가평군 설악면 유명산길 61-12,,4448224,4182031032,2023-07-08 13:00,1,70000,숙박비
e_e004207,트라움 풀빌라글램핑&카라반,1,5,Y,,,3,,트라움 풀빌라글램핑&카라반,경기 가평군 상면 왕대벌길 50,경기 가평군 상면 임초리 92-1,4448209,4182033024,,1,225000,숙박비
e_e004219,나인트리프리미어호텔 인사동,0,1,Y,,,1,,,서울 종로구 인사동길 49,서울 종로구 관훈동 155-2,,,,1,189121,
e_e004234,폴로관광호텔,0,1,Y,,,2,,,인천 남동구 앵고개로934번길 30,,,,,1,147000,
e_e004238,호텔마리아,0,1,Y,,,3,,,경기 안성시 공도읍 하마정길 16-5,경기 안성시 공도읍 마정리 112-23,,,,1,40000,
e_e004243,이비스앰배서더호텔 인사동,0,1,Y,,,3,,,서울 종로구 삼일대로30길 31,,,,,1,151000,
e_e004247,호텔베뉴지,0,1,Y,,,2,,,서울 종로구 청계천로 117,서울 종로구 관수동 124,,,,1,67728,
e_e004254,서울드래곤시티,1,1,Y,,,2,,㈜여기어때컴퍼니,서울 강남구 봉은사로 479,서울 강남구 삼성동 51-2,3122004,1168010500,2023-06-15 00:00,1,151050,HO-[핫딜]슈페리어 더블
e_e004256,오포짓스탠다드,0,2,Y,,,4,,,서울 은평구 서오릉로 17,서울 은평구 녹번동 155-40,,,,1,45000,
e_e004256,오포짓스탠다드,1,2,Y,,,4,,주식회사 지마켓,서울 강남구 테헤란로 152,서울 강남구 역삼동 737,3122010,1168010100,2023-06-27 00:00,1,60000,"(마감임박)Standard(넷플릭스/유튜브,55인치 UHD TV,시몬스 킹사이즈 침대)(18시 체크인)"
e_e004268,서울북한산카라반,2,5,Y,,,2,,캠핑톡 주식회사,서울 중구 청계천로 40,서울 중구 다동 10,3100021,1114010200,2023-07-01 06:39,1,159000,숙박비
e_e004313,하람 게스트하우스,0,7,Y,,,1,,,화정동 952 별빛마을 8단지,,,,,1,51988,
e_e004324,친척집,0,10,Y,,,2,,,125-11,,,,,4,0,
e_e004334,롯데시티호텔 마포,0,1,Y,,,1,,,서울 마포구 마포대로 109,서울 마포구 공덕동 467,,,,3,90000,
e_e004341,몬드리안 서울 이태원,1,1,Y,,,2,,아고다,,,,,,1,267314,숙박비
e_e004342,포스타호텔,1,1,Y,,,1,,부천 포스타호텔,경기 부천시 석천로531번길 43,경기 부천시 삼정동 376-2,4854102,4119012300,2023-06-26 10:01,3,72000,"스탠다드A-조식포함(금연,넷플릭스.디즈니+,티빙,왓챠)"
e_e004349,나인트리 프리미어 로카우스 호텔 서울 용산,0,1,Y,,,2,,,서울 용산구 한강대로23길 25,서울 용산구 한강로3가 40-1050,,,,1,130000,
e_e004357,캐비어가족펜션,1,1,Y,,,2,,청평 캐비어 가족 펜션,경기 가평군 상면 덕현산장길 43-19,경기 가평군 상면 덕현리 산 74-12,4448050,4182033025,2023-06-27 22:21,1,93060,숙박비
e_e004369,오라카이 송도파크호텔,0,1,Y,,,2,,,인천 연수구 테크노파크로 151,인천 연수구 송도동 93-1,,,,1,154000,
e_e004373,파크뷰테라스,1,11,Y,,,1,,에어비앤비,,,,,2023-06-29 14:52,1,95890,숙박비
e_e004393,뉴엠호텔,1,2,Y,,,2,,(주)야놀자,서울 강남구 테헤란로108길 42,서울 강남구 대치동 1003,4166713,1168010600,2023-06-25 16:57,3,45000,수원(인계동) 뉴엠
e_e004396,가평프리미엄키즈풀빌라,1,3,Y,,,4,,(주)온다,서울 강남구 테헤란로83길 49,서울 강남구 삼성동 152-69,4166762,1168010500,2023-06-30 00:00,1,261000,앙팡키즈풀릴라7
e_e004415,가평베이스캠프펜션,1,3,Y,,,2,,가평베이스캠프펜션,경기 가평군 북면 가화로 2419-21,경기 가평군 북면 도대리 336-62,3000142,4182035024,2023-07-01 00:34,1,240000,숙박비
e_e004416,크리스월드,0,3,Y,,,3,,,경기 가평군 가평읍 북한강변로 360-91,경기 가평군 가평읍 금대리 49-4,,,,5,330000,
e_e004417,라이브러리스테이 지지향,0,7,Y,,,1,,,경기 파주시 회동길 145,경기 파주시 문발동 524-3,,,,1,132000,
e_e004421,마이다스호텔&리조트,2,1,Y,,,3,,마이다스 호텔&리조트,경기 가평군 청평면 북한강로 2245,,3216053,4182032527,2023-07-27 00:00,1,419000,숙박비
e_e004422,축령산자연휴양림,0,9,Y,,,8,,,경기 남양주시 수동면 축령산로 299,,,,,1,90000,
e_e004449,가평라무키즈글램핑,1,5,Y,,,5,,라무키즈글램핑,경기 가평군 북면 가화로 2372-42,경기 가평군 북면 도대리 324-9,3000142,4182035024,2023-06-13 14:20,1,134000,숙박비
e_e004455,양평팰리스펜션,0,3,Y,,,6,,,경기 양평군 용문면 퇴촌길 82-12,경기 양평군 용문면 덕촌리 248-1,,,,4,420000,
e_e004464,호텔더캐슬 1호점,1,1,Y,,,1,,(주)야놀자 ,서울 강남구 테헤란로108길 42,서울 강남구 대치동 1003,4166713,1168010600,2023-07-16 10:00,3,70000,잠실호텔 더 캐슬 1호점
e_e004466,호텔더디자이너스 서울역점,1,1,Y,,,1,,(주)야놀자,서울 강남구 테헤란로108길 42,서울 강남구 대치동 1003,4166713,1168010600,2023-06-29 00:00,1,130000,호텔 더 디자이너스 서울역점
e_e004473,골든튤립에버 용인호텔,1,1,Y,,,2,,아고다,,,,,2023-07-11 00:00,1,98306,Golden Tulip Ever Yongin Hotel
e_e004506,라퓨타리조트,1,4,Y,,,4,,NAVER FINANCIAL,경기 성남시 분당구 정자일로 95,경기 성남시 분당구 정자동 178-4,3180021,4113510300,2023-07-25 00:00,1,388990,숙박비
e_e004510,서머셋센트럴분당,1,1,Y,,,2,,아고다,,,,,2023-07-13 00:00,1,166685,Somerset Central Bundang
e_e004515,호텔야자 구리수택점,0,2,Y,,,2,,,경기 구리시 안골로63번길 5,경기 구리시 수택동 378-10,,,,1,20000,
e_e004548,한강게스트하우스,1,7,Y,,,1,,한강게스트하우스,서울 마포구 마포대로4길 120-39,서울 마포구 마포동 293-9,4139164,1144010700,2023-07-08 21:43,1,20000,
e_e004549,호텔시엘로,1,1,Y,,,4,,아고다,,,,,2023-07-10 00:00,1,172562,Hotel Cielo
e_e004551,호텔캘리포니아,1,1,Y,,,2,,(주)야놀자,서울 강남구 테헤란로108길 42,서울 강남구 대치동 1003,4166713,1168010600,2023-06-30 01:30,1,126100,삼성 캘리포니아 외 2건
e_e004552,또바기스파글램핑,0,3,Y,,,4,,,경기 가평군 북면 멱골로 205-10,,,,,4,264000,
e_e004563,호텔시엘로,1,1,Y,,,2,,주식회사 야놀자,서울 강남구 테헤란로108길 42,서울 강남구 대치동 1003,4166713,1168010600,2023-07-02 00:10,3,25000,시흥 호텔 시엘로
e_e004573,나무호텔,1,1,Y,,,2,,아고다,,,,,2023-07-03 00:00,1,191153,Namu Hotel
e_e004596,힐튼가든인 서울강남점,1,1,Y,,,2,,아고다,,,,,2023-06-27 00:00,1,194502,Hilton Garden Inn Seoul Gangnam
e_e004673,골든서울호텔,1,1,Y,,,1,,㈜야놀자,서울 강남구 테헤란로108길 42,서울 강남구 대치동 1003,4166713,1168010600,2023-07-01 16:03,1,114200,골든서울 호텔
e_e004673,호텔아트리움 종로,1,1,Y,,,1,,㈜여기어때컴퍼니 ,서울 강남구 봉은사로 479,,3122004,1168010500,2023-07-14 00:03,1,119000,호텔 아트리움 종로
e_e004675,땅에미소 오토캠핑장,1,5,Y,,,4,,땅에미소유기농영농조합,경기 연천군 청산면 거저울길 339,경기 연천군 청산면 장탄리 509-1,4445002,4180032023,2023-06-09 13:10,3,90000,
e_e004678,죠이아독채풀빌라,1,3,Y,,,2,,가평 죠이아 독채 스파 온수 풀빌라,경기 가평군 가평읍 잎너비길 17-192,경기 가평군 가평읍 읍내리 75-2,4448233,4182025021,2023-06-26 10:00,3,204000,숙박비
e_e004681,레이크호텔,0,1,Y,,,2,,,서울 송파구 석촌호수로 216,서울 송파구 석촌동 158,,,,1,110000,
e_e004687,외갓집험마을 숙소,1,11,Y,,,7,,외갓집영농조합법인,경기 양평군 청운면 신론로 344,경기 양평군 청운면 신론리 293-1,3217014,4183037027,2023-05-23 18:57,1,296000,
e_e004695,호텔자라,1,1,Y,,,2,,가평자라호텔,경기 가평군 가평읍 가화로 41-27,,3000142,4182025022,2023-08-02 00:00,1,120000,숙박비
e_e004703,노보텔앰배서더 서울동대문호텔&레지던스,0,1,Y,,,2,,,서울 중구 을지로 238,서울 중구 을지로6가 58-5,,,,1,110000,
e_e004703,메이플레이스호텔,0,1,Y,,,2,,,서울 종로구 율곡로 179,서울 종로구 원남동 25-2,,,,1,80000,
e_e004709,산수정원펜션,0,3,Y,,,6,,,경기 남양주시 수동면 철마산로 67-10,경기 남양주시 수동면 수산리 97,,,,5,216000,
e_e004716,필그림하우스,1,11,Y,,,3,,필그림하우스,경기 가평군 북면 가화로 1862,,3000142,4182035024,2023-07-11 00:00,3,70000,숙박비
e_e004722,디어스 명동,1,1,N,,,1,,자이에스앤디(주)-디어스명동,서울 중구 퇴계로 173,서울 중구 충무로3가 60-1,3101011,1114015800,2023-07-06 16:48,1,130000,
e_e004730,퀸스호텔,1,1,Y,,,2,,(주)야놀자 ,서울 강남구 테헤란로108길 42,서울 강남구 대치동 1003,4166713,1168010600,2023-07-06 00:01,1,25000,평택 퀸스
e_e004730,헤르메스호텔,1,1,Y,,,2,,(주)야놀자,서울 강남구 테헤란로108길 42,서울 강남구 대치동 1003,4166713,1168010600,2023-07-04 00:50,1,30000,평택 헤르메스 호텔 
e_e004733,라마다호텔앤스위트 서울남대문,1,1,Y,,,4,,라마다 호텔앤스위트,서울 중구 칠패로 27,,3101010,1114016800,2023-07-04 10:15,3,267500,숙박비
e_e004773,국립유명산자연휴양림,1,5,Y,,,1,,유명산자연휴양림,경기 가평군 설악면 유명산길 79-53,경기 가평군 설악면 가일리 산 35,4448224,4182031032,2023-07-04 15:27,1,14000,야영데크(237)(5인실) 06일
e_e004774,아이다호텔,1,2,Y,,,1,,㈜여기어때컴퍼니,서울 강남구 봉은사로 479,서울 강남구 삼성동 51-2,3122004,1168010500,2023-07-04 22:47,1,63000,숙박비
e_e004774,체리호텔,1,1,Y,,,1,,체리호텔,서울 송파구 오금로11길 11-15,서울 송파구 방이동 28-8,4169374,1171011100,2023-07-10 14:10,1,70000,Suite(스타일러+스파)
e_e004774,토요코인 대구동성로점,1,1,Y,,,1,,토요코인,대구 중구 동성로1길 15,,4223083,2711011900,2023-07-22 13:03,1,77900,숙박비
e_e004780,엠앤럭키호텔,1,1,Y,,,2,,(주)야놀자,서울 강남구 테헤란로108길 42,서울 강남구 대치동 1003,4166713,1168010600,2023-07-17 13:45,1,110000,종로 M&LUCKY HOTEL
e_e004780,호텔소울하다,1,1,Y,,,2,,(주)야놀자 ,서울 강남구 테헤란로108길 42,서울 강남구 대치동 1003,4166713,1168010600,2023-07-17 13:47,1,140000,역삼 소울하다
e_e004782,스타즈호텔 독산,1,1,Y,,,1,,아고다,,,,,2023-07-12 15:00,1,76999,스타즈 호텔 독산
e_e004784,나인트리 프리미어 로카우스 호텔 서울 용산,0,1,Y,,,2,,,서울 용산구 한강대로23길 25,서울 용산구 한강로3가 40-1050,,,,1,95000,
e_e004792,콘래드 서울,0,1,Y,,,4,,,서울 영등포구 국제금융로 10,서울 영등포구 여의도동 23-1,,,,5,905744,
e_e004799,수목원프로방스,0,5,Y,,,2,,,경기 포천시 신북면 탑신로 1066,경기 포천시 신북면 금동리 148,,,,5,70000,
e_e004800,머스트스테이모텔,0,2,Y,,,2,,,서울 양천구 중앙로 245-2,서울 양천구 신정동 1182-25,,,,5,78000,
e_e004800,호텔 동그라미,0,1,Y,,,2,,,서울 송파구 오금로11길 47-10,서울 송파구 방이동 47-4,,,,1,53000,
e_e004815,글램트리리조트,0,4,Y,,,3,,,경기 가평군 상면 돌아우길 75,경기 가평군 상면 상동리 산 36-12,,,,1,360000,
e_e004830,서울큐브 이태원,1,7,Y,,,1,,서울큐브이태원,서울 용산구 우사단로14길 8,서울 용산구 이태원동 136-5,4106222,1117013000,2023-07-27 08:04,1,0,여성 슬리핑 캡슐(조식제공)
e_e004839,구리토평가족캠핑장,0,5,Y,,,5,,,경기 구리시 왕숙천로 11-140,경기 구리시 토평동 51-6,,,,1,12500,
e_e004843,W지우리조트,0,4,Y,,,3,,,경기 가평군 가평읍 북한강변로 970-9,경기 가평군 가평읍 달전리 159-15,,,,1,750000,
e_e004857,어머니 집,0,10,Y,,,3,,,171-9 301호,,,,,3,0,
e_e004858,연희장,0,7,Y,,,2,,,서울 서대문구 연희로 87,서울 서대문구 연희동 188-88,,,,1,140000,
e_e004859,곤지암리조트,1,4,Y,,,4,,㈜야놀자,서울 강남구 테헤란로108길 42,서울 강남구 대치동 1003,4166713,1168010600,2023-06-09 16:36,1,409860,곤지암리조트
e_e004860,호텔달,1,1,Y,,,2,,(주)야놀자,서울 강남구 테헤란로108길 42,서울 강남구 대치동 1003,4166713,1168010600,2023-06-21 10:00,3,135000,수원(북수동)호텔 달 
e_e004861,화이트벨펜션,0,3,Y,,,2,,,강원특별자치도 춘천시 남산면 강촌로 113,,,,,5,120000,
e_e004864,저스트스테이호텔 왕십리역점,0,2,Y,,,2,,,서울 성동구 왕십리로22길 12-1,서울 성동구 도선동 92,,,,1,45000,
e_e004867,어린왕자의나무별펜션,0,3,Y,,,6,,,경기 가평군 북면 멱골로 338,경기 가평군 북면 목동리 318,,,,1,1320000,
e_e004868,에어비엔비 누드콰트로,1,11,Y,,,2,,에어비앤비,,,,,2023-07-20 18:35,1,107089,숙박비
e_e004868,에어비엔비 스테이다,1,11,Y,,,2,,에어비앤비,,,,,2023-07-10 10:49,1,125000,숙박비
e_e004877,에어비앤비 그랜마하우스,1,3,Y,,,2,,에어비앤비,,,,,2023-06-25 13:35,1,132859,숙박비 
e_e004879,IMT모텔,1,2,Y,,,2,,(주)야놀자,서울 강남구 테헤란로108길 42,서울 강남구 대치동 1003,4166713,1168010600,2023-07-17 00:00,3,35000,종로IMT
e_e004879,아나호텔,1,2,Y,,,2,,㈜여기어때컴퍼니 ,서울 강남구 봉은사로 479,,3122004,1168010500,2023-07-20 10:47,3,55000,Standard-숙박비
e_e004899,수원화성 팔달문,0,1,N,,,2,,,경기 수원시 팔달구 정조로 780,,,,,4,0,
e_e004899,이끌림호텔,0,1,Y,,,2,,,경기도 수원시 권선구 서부로 1934번길 20 우)16405,,,,,1,67000,
e_e004905,서울시 강북구 송정동,1,7,Y,,,2,,에어비앤비,,,,,2023-07-28 17:43,1,64084,숙박비 
e_e004905,스파렉스,1,11,N,,,2,,스파렉스 굿모닝시티,서울 중구 장충단로 247,,3101021,1114014800,2023-07-29 18:57,1,24000,
e_e004914,헤르메스호텔,1,2,Y,,,2,,㈜여기어때컴퍼니,서울 강남구 봉은사로 479,,3122004,1168010500,2023-07-13 00:00,1,55800,평택 헤르메스 호텔
e_e004917,3S호텔 소래점,2,1,Y,,,2,,주식회사 여기어때컴퍼니,서울 강남구 봉은사로 479,,3122004,1168010500,2023-07-06 11:55,1,57000,디럭스트윈룸
e_e004919,그랜드인터컨티넨탈 서울파르나스,1,1,Y,,,2,,그랜드인터컨티넨탈호텔,서울 강남구 테헤란로 521,서울 강남구 삼성동 159-8,3122010,1168010500,2023-07-28 16:21,1,838373,숙박비
e_e004927,강가의별장(에어비앤비),0,3,Y,,,5,,,산수로1435-9,,,,,1,808706,
e_e004945,T7호텔,1,1,Y,,,2,,(주)야놀자,서울 강남구 테헤란로108길 42,서울 강남구 대치동 1003,4166713,1168010600,2023-07-04 13:38,1,64503,용인 T7 무인텔 에버랜드점 
e_e004948,산으로간니모,1,5,Y,,,2,,산으로간니모,경기 가평군 조종면 연인산로 670-115,경기 가평군 조종면 마일리 53,3216030,4182034526,2023-07-16 15:19,1,139000,숙박비
e_e004961,소노휴 양평,1,4,Y,,,3,,소노 호텔&리조트,서울 송파구 법원로 135,서울 송파구 문정동 641-3,3350849,1171010800,2023-07-24 10:27,1,140000,숙박비
e_e004977,코트야드 바이메리어트 서울타임스퀘어,1,1,Y,,,2,,(주)경방코트야드바이 메리어트호텔,서울 영등포구 영중로 15,,3118024,1156010500,2023-07-27 14:00,1,308550,숙박비
e_e004979,IMT모텔,0,2,Y,,,2,,,서울 종로구 수표로18가길 8,서울 종로구 관수동 140,,,,1,45000,
e_e004979,다나호텔,0,1,Y,,,2,,,서울 종로구 수표로18길 10,서울 종로구 관수동 143-5,,,,1,55000,
e_e004984,AC 호텔 바이 메리어트 서울 강남,1,1,Y,,,2,,AC 호텔 바이 메리어트 서울 강남,서울 강남구 테헤란로25길 10,서울 강남구 역삼동 642,4166726,1168010100,2023-07-23 15:37,1,27500,숙박비
e_e004984,AC 호텔 바이 메리어트 서울 강남,2,1,Y,,,2,,AC호텔 바이 메리어트 서울 강남,서울 강남구 테헤란로25길 10,서울 강남구 역삼동 642,4166726,1168010100,2023-03-22 17:41,1,173052,
e_e004987,헤르메스호텔 에버랜드점,1,2,Y,,,2,,에버랜드역 호텔 헤르메스,경기 용인시 처인구 포곡읍 전대로78번길 11-12,경기 용인시 처인구 포곡읍 전대리 356-11,4409732,4146125027,2023-07-08 19:28,3,70000,숙박비
e_e004990,숙소,0,10,N,,,3,,,22단지,,,,,4,0,
e_e005025,W지우리조트,0,4,Y,,,4,,,경기 가평군 가평읍 북한강변로 970-9,경기 가평군 가평읍 달전리 159-15,,,,4,260000,
e_e005026,아쯔아쯔 료칸,0,3,Y,,,2,,,경기 동두천시 탑신로 239,경기 동두천시 탑동동 329,,,,5,280000,
e_e005028,서머셋센트럴분당,1,1,Y,,,1,,(주)야놀자 ,서울 강남구 테헤란로108길 42,서울 강남구 대치동 1003,4166713,1168010600,2023-07-10 00:00,3,144150,서머셋 센트럴분당
e_e005110,더숲하우스,0,3,Y,,,4,,,경기 가평군 청평면 머내길 10,경기 가평군 청평면 대성리 291-1,,,,5,350000,
e_e005116,교동장독대마을,1,6,Y,,,4,,교동장독대마을회 영농조합법인,경기 포천시 관인면 신교동로 148-11,,3350827,4165040021,,1,272000,숙박비
e_e005154,큐브게스트하우스,0,7,Y,,,1,,,서울 용산구 이태원로23길 28-4,서울 용산구 이태원동 122-7,,,,1,20000,
e_e005154,호텔수,0,2,Y,,,1,,,서울 영등포구 영중로4길 29,서울 영등포구 영등포동3가 13-10,,,,1,30000,
e_e005160,아난티코드,1,4,Y,,,3,,아난티펜트하우스서울,경기 가평군 설악면 유명로 1007-90,,3216059,4182031033,2023-07-18 11:07,1,608000,
e_e005172,호텔달,1,2,Y,,,2,,㈜야놀자,서울 강남구 테헤란로108길 42,서울 강남구 대치동 1003,4166713,1168010600,2023-07-10 00:00,3,40000,수원(북수동) 호텔 달(Dal)
e_e005172,호텔달,2,2,Y,,,2,,㈜야놀자,서울 강남구 테헤란로108길 42,서울 강남구 대치동 1003,4166713,1168010600,2023-07-10 00:02,3,51150,수원(북수동) 호텔 달(Dal)
e_e005197,시즌파이브펜션,1,3,Y,,,5,,주식회사 인터파크,서울 강남구 삼성로 512,서울 강남구 삼성동 157-1,3122005,1168010500,2023-07-10 15:30,1,198000,남양주 시즌파이브펜션
e_e005201,코트야드 바이 메리어트 수원,0,1,Y,,,2,,,경기 수원시 영통구 광교호수공원로 320,경기 수원시 영통구 하동 871-1,,,,1,253000,
e_e005206,채원당 바이 버틀러리,1,6,Y,,,3,,에어비앤비,,,,,2023-07-09 01:04,1,565160,숙박비
e_e005217,앰배서더 서울풀만호텔,1,1,Y,,,2,,앰배서더 서울 풀만,서울 중구 동호로 287,,3005001,1114014400,2023-07-23 12:57,1,541310,숙박비
e_e005217,앰배서더 서울풀만호텔,2,1,Y,,,2,,앰배서더 서울 풀만 호텔,서울 중구 동호로 287,,3005001,1114014400,2023-07-22 11:44,1,77000,숙박비
e_e005220,모나캠핑파크 가평점,0,3,Y,,,7,,,경기 가평군 상면 축령로 143,경기 가평군 상면 행현리 224-2,,,,5,380000,
e_e005221,나랑,1,2,Y,,,2,,(주)야놀자,서울 강남구 테헤란로108길 42,서울 강남구 대치동 1003,4166713,1168010600,2023-07-13 19:36,1,65000,신촌나랑(NARANG)
e_e005234,유니언호텔,0,1,Y,,,2,,,서울 영등포구 양평로 136,서울 영등포구 양평동5가 62,,,,1,98000,
e_e005235,더노벰버라운지 인천송도점,1,1,Y,,,2,,더노벰버스테이주식회사,인천 연수구 아트센터대로168번길 101,인천 연수구 송도동 29-2,4856813,2818510600,2023-08-04 12:15,1,182250,
e_e005239,망고키즈풀빌라,0,3,Y,,,7,,,경기 가평군 상면 축령로45번길 93-12,경기 가평군 상면 행현리 322-5,,,,1,369300,
e_e005242,메이커스X이쁘다,1,1,Y,,,2,,(주)야놀자,서울 강남구 테헤란로108길 42,서울 강남구 대치동 1003,4166713,1168010600,2023-07-21 15:46,3,45000,종로 메이커스*이쁘다-숙박비
e_e005245,그랜드팰리스호텔 인천,0,2,Y,,,2,,,인천 남동구 호구포로 211,인천 남동구 논현동 647-5,,,,1,59800,
e_e005247,페어몬트 앰배서더 서울,0,1,Y,,,2,,,서울 영등포구 여의대로 108,서울 영등포구 여의도동 22,,,,1,353380,
e_e005257,더스테이트호텔 선유,1,1,Y,,,2,,㈜야놀자,서울 강남구 테헤란로108길 42,서울 강남구 대치동 1003,4166713,1168010600,2023-06-29 03:05,1,128500,더 스테이트 선유
e_e005258,골드호텔,1,1,Y,,,2,,㈜여기어때컴퍼니,서울 강남구 봉은사로 479,,3122004,1168010500,2023-07-16 22:58,3,60000,남양주 골드 호텔
e_e005258,구리갈매대방디엠시티메트로카운티오피스텔,2,11,Y,,,2,,에어비앤비,,,,,2023-07-16 23:24,1,119463,숙박비
e_e005263,더코노셔레지던스,1,1,Y,,,2,,더 코노셔,서울 영등포구 국회대로68길 24,서울 영등포구 여의도동 15-13,4154089,1156011000,2023-07-21 19:23,1,220000,숙박비
e_e005263,라마다바이원덤 서울동대문,1,1,Y,,,2,,아고다,,,,,2023-06-09 00:00,1,196258,Ramada By Wyndham Seoul Dongdaemun
e_e005271,레이크문오토캠핑장,0,5,Y,,,4,,,경기 포천시 영중면 호국로3296번길 31-46,경기 포천시 영중면 성동리 341-1,,,,5,56000,
e_e005278,아이비스테이,0,2,Y,,,1,,,경기 수원시 팔달구 갓매산로76번길 9,경기 수원시 팔달구 고등동 303-4,,,,4,80750,
e_e005294,스카이펜션,1,3,Y,,,4,,(주)야놀자 ,서울 강남구 테헤란로108길 42,서울 강남구 대치동 1003,4166713,1168010600,2023-07-12 13:56,3,130000,가평 스카이펜션
e_e005314,연희장,0,7,Y,,,2,,,서울 서대문구 연희로 87,서울 서대문구 연희동 188-88,,,,1,63000,
e_e005317,선셋740,0,7,Y,,,2,,,경기 가평군 청평면 호반로 740,경기 가평군 청평면 호명리 342-6,,,,5,270000,
e_e005331,그랜드팰리스호텔 인천,1,1,Y,,,1,,(주)야놀자,서울 강남구 테헤란로108길 42,서울 강남구 대치동 1003,4166713,1168010600,2023-07-19 10:13,1,59200,인천 그랜드팰리스 호텔
e_e005334,블룸비스타,0,1,Y,,,3,,,경기 양평군 강하면 강남로 316,경기 양평군 강하면 전수리 1235,,,,1,150000,
e_e005335,포천글램핑앤카라반,1,5,Y,,,2,,주식회사 떠나요,서울 성동구 광나루로6길 54,서울 성동구 성수동2가 279-14,4109035,1120011500,2023-07-14 12:05,1,58999,당일글램핑 원베드(무박)랜덤배정
e_e005340,세이스테이,1,3,Y,,,2,,에어비앤비,,,,,2023-06-18 16:43,1,216040,숙박비
e_e005341,골든튤립에버 용인호텔,1,1,Y,,,2,,골든튤립 에버용인호텔,경기 용인시 처인구 포곡읍 전대로78번길 19-2,경기 용인시 처인구 포곡읍 전대리 356-1,4409732,4146125027,2023-07-13 19:09,1,0,숙박비
e_e005345,오성건강랜드,1,11,N,,,1,,오성건강랜드,서울 서대문구 모래내로 143,서울 서대문구 남가좌동 105-1,3112015,1141012000,2023-07-29 22:59,1,26000,숙박비
e_e005345,호텔스타,1,1,Y,,,1,,(주)야놀자,서울 강남구 테헤란로108길 42,서울 강남구 대치동 1003,4166713,1168010600,2023-07-26 00:35,3,45000,선릉 호텔 스타
e_e005351,메이플베이,1,3,Y,,,5,,메이플베이,경기 가평군 가평읍 북한강변로 900,,3216019,4182025031,2023-07-22 17:24,3,85000,
e_e005351,메이플베이,2,3,Y,,,5,,메이플베이,경기 가평군 가평읍 북한강변로 900,경기 가평군 가평읍 이화리 19-1,3216019,4182025031,2023-07-23 21:42,3,370000,숙박비
e_e005368,메종드파티오,1,3,Y,,,2,, 메종드파티오,경기 가평군 가평읍 태봉두밀로 447,경기 가평군 가평읍 두밀리 207,3216046,4182025026,2023-07-06 00:00,3,260000,숙박비
e_e005407,로사나호텔,1,1,Y,,,4,,로사나관광호텔,서울 송파구 삼학사로 98,서울 송파구 석촌동 1-7,3123008,1171010500,2023-07-28 21:27,1,200000,숙박비
e_e005407,호텔더디자이너스 리즈강남프리미어,1,1,Y,,,4,,(주)여기어때컴퍼니,서울 강남구 봉은사로 479,,3122004,1168010500,2023-07-13 00:00,3,262000,더 디자이너스 리즈 강남 프리미어
e_e005408,라마다 평택호텔,1,1,Y,,,3,,(주)야놀자,서울 강남구 테헤란로108길 42,서울 강남구 대치동 1003,4166713,1168010600,2023-07-16 15:57,1,77400,라마다 평택 호텔 
e_e005421,나인트리프리미어호텔 인사동,1,1,Y,,,2,,아고다,,,,,2023-07-18 00:00,1,297351,Nine Tree Premier Hotel Insadong
e_e005438,르컬렉티브 시흥 웨이브파크,0,1,Y,,,2,,,경기 시흥시 거북섬로 135,경기 시흥시 정왕동 2725,,,,1,69240,
e_e005440,바라산자연휴양림,1,9,Y,,,2,,의왕바라산자연휴양림,경기 의왕시 바라산로 84,경기 의왕시 학의동 산 117-1,3351927,4143010600,2023-07-13 10:52,1,70000,숙박비
e_e005442,축령산자연휴양림,0,9,Y,,,3,,,경기 남양주시 수동면 축령산로 299,경기 남양주시 수동면 외방리 280,,,,5,40000,
e_e005443,고대산자연휴양림,1,9,Y,,,5,,고대산 자연휴양림,경기 연천군 신서면 고대산길 84-79,경기 연천군 신서면 대광리 산 25-1,4445003,4180036021,2023-07-12 06:12,1,134000,숙박비
e_e005447,위드모텔,1,2,Y,,,1,,(주)야놀자 ,서울 강남구 테헤란로108길 42,서울 강남구 대치동 1003,4166713,1168010600,2023-07-18 19:09,1,0,인천(신포)위드
e_e005448,CN스파,0,11,N,,,2,,,서울 서초구 사평대로 126,서울 서초구 반포동 93-1,,,,1,30000,
e_e005448,바모스호텔,0,1,Y,,,2,,,서울 영등포구 영등포로47길 8-1,서울 영등포구 영등포동2가 317-2,,,,1,68820,
e_e005476,그랜드하얏트서울,1,1,Y,,,2,,(주)여기어때컴퍼니,서울 강남구 봉은사로 479,,3122004,1168010500,2023-08-01 17:30,1,416300,그랜드 하얏트 서울
e_e005476,도미인 서울강남호텔,1,1,Y,,,2,,아고다,,,,,2023-07-06 00:00,1,153923,도미인 서울 강남-숙박비
e_e005485,k world호텔,0,2,Y,,,1,,,서울 종로구 수표로18길 28,서울 종로구 관수동 104-2,,,,1,120000,
e_e005488,더스테이트호텔 선유,0,1,Y,,,1,,,서울 영등포구 양평로 132,서울 영등포구 양평동5가 62-3,,,,1,234000,
e_e005506,청파책가도,1,7,Y,,,2,,(주)위홈,서울 마포구 양화로 186,서울 마포구 동교동 167-2,3113014,1144012100,2023-06-30 23:03,1,190400,숙박비 
e_e005528,골든힐호텔,1,1,Y,,,2,,주식회사 여기어때컴퍼니,서울 강남구 봉은사로 479,,3122004,1168010500,2023-07-22 00:00,3,77000,디럭스 랜덤배정 
e_e005532,양지파인리조트,2,4,Y,,,4,,AGODA_NICE,서울 마포구 마포대로 217,서울 마포구 아현동 686,2113001,1144010100,2023-07-29 02:36,1,88669,숙박비 
e_e005562,스카이펜션,0,3,Y,,,4,,,경기 가평군 조종면 현등사길 35,경기 가평군 조종면 운악리 425-1,,,,1,255058,
e_e005577,선셋740,1,7,Y,,,2,,선셋카페,경기 가평군 청평면 호반로 740,,3216049,4182032525,2023-07-28 13:02,3,275000,
e_e005579,하운드호텔 거북섬점,1,1,Y,,,2,,㈜여기어때컴퍼니 ,서울 강남구 봉은사로 479,,3122004,1168010500,2023-07-17 10:00,3,45000,
e_e005591,경기도 양평군 용문면 상망길 143-7,0,11,Y,,,6,,,경기도 양평군 용문면 상망길 143-7,,,,,5,430000,
e_e005619,킨텍스바이케이트리,1,1,Y,,,1,,아고다,,,,,2023-08-01 00:00,1,163000,킨텍스 바이 케이트리
e_e005642,파티즈호텔,1,1,Y,,,2,,파티즈호텔,경기 수원시 권선구 서부로1934번길 42,경기 수원시 권선구 구운동 924-7,4325267,4111313200,2023-07-26 00:00,1,0,숙박비 
e_e005645,라까사호텔 광명,1,1,Y,,,3,,라까사호텔카운터,경기 광명시 일직로12번길 22,경기 광명시 일직동 508-3,4361304,4121010600,2023-08-02 14:55,1,277612,
e_e005662,폼모텔,0,2,Y,,,2,,,서울 광진구 아차산로 389,서울 광진구 구의동 246-40,,,,1,70000,
e_e005664,로버게스트하우스,1,7,Y,,,1,,로버게스트하우스,인천 중구 신포로23번길 62,인천 중구 중앙동2가 11,4247168,2811010200,2023-07-31 00:00,3,40000,숙박비
e_e005679,호텔포코,1,1,Y,,,2,,호텔포코 성수,서울 성동구 성수이로 96,서울 성동구 성수동2가 317-5,3103003,1120011500,2023-07-18 10:16,1,167018,숙박비
e_e005718,호텔다다 익선,1,1,Y,,,2,,아고다,,,,,2023-07-19 00:00,1,72780,다다호텔 인사동
e_e005718,호텔다다 익선,2,1,Y,,,2,,아고다,,,,,2023-07-19 00:00,1,87634,다다 호텔 인사동
e_e005759,로컬스티치 시청,1,1,Y,,,2,,에어비앤비,,,,,2023-07-02 09:03,1,176634,숙박비 
e_e005781,물맑음펜션,1,3,Y,,,5,,물맑음펜션,경기 남양주시 수동면 비룡로수자1길 76-15,경기 남양주시 수동면 지둔리 53-23,4391427,4136034022,2023-06-17 20:09,1,339812,로즈마리 숙박비
e_e005790,하늘숲글램핑,0,5,Y,,,3,,,경기 가평군 가평읍 호반로 2092,경기 가평군 가평읍 이화리 93,,,,3,140000,
e_e005793,워커힐호텔,1,1,Y,,,2,,아고다,,,,,2023-07-25 00:00,1,233429,Grand Walkerhill Seoul
e_e005813,에어비앤비(숙소명기입안되어있음),1,11,Y,,,1,,에어비앤비,,,,,2023-07-26 09:52,1,104211,숙박비
e_e005813,에어비앤비(숙소명기입안되어있음),2,11,Y,,,1,,에어비앤비,,,,,2023-07-26 09:52,1,0,숙박비
e_e005813,호텔아트리움 종로,1,1,Y,,,1,,호텔스닷컴,서울 종로구 종로5길 7,서울 종로구 청진동 128,4100360,1111012200,2023-07-27 00:15,1,77537,숙박비
e_e005833,동두천호텔 이쁘다,0,1,Y,,,2,,,경기 동두천시 지행로 60,경기 동두천시 지행동 721,,,,1,79000,
e_e005860,북수담,0,6,Y,,,5,,,경기 수원시 팔달구 화서문로72번길 9-3,,,,,5,300000,
e_e005863,더채라이브러리,0,6,Y,,,7,,,서울 종로구 효자로7길 10-4,서울 종로구 통의동 7-6,,,,4,585000,
e_e005876,무지개농원펜션,1,3,Y,,,1,,가평 무지개 독채펜션,경기 가평군 북면 꽃넘이길 115-47,경기 가평군 북면 제령리 557-7,4448027,4182035027,2023-07-06 00:15,3,181090,숙박비
e_e005891,시마호텔,0,2,Y,,,2,,,경기 동두천시 중앙로274번길 9,경기 동두천시 생연동 595-8,,,,1,90000,
e_e005922,베니키아 JD관광호텔,1,1,Y,,,2,,(주)야놀자,서울 강남구 테헤란로108길 42,서울 강남구 대치동 1003,4166713,1168010600,2023-08-11 19:56,1,63000,남양주 JD관광호텔
e_e005922,빌라코지,0,3,Y,,,2,,,경기 가평군 청평면 호반로 753-7,경기 가평군 청평면 호명리 340-9,,,,5,252000,
e_e005926,에덴파라다이스호텔,0,1,Y,,,2,,,경기 이천시 마장면 서이천로 449-79,경기 이천시 마장면 목리 417-4,,,,1,140000,
e_e005926,에덴파라다이스호텔근처  산책로,0,1,N,,,2,,,경기 이천시 마장면 서이천로 449-79,경기 이천시 마장면 목리 417-4,,,,4,0,
e_e005930,W관광호텔,1,2,Y,,,1,,더블유-호텔,인천 중구 월미로 211,인천 중구 북성동1가 98-81,3149043,2811013800,2023-07-30 00:07,1,79399,숙박비
e_e005940,이천미란다호텔,1,1,Y,,,4,,대지개발(주)미란다호텔지점,경기 이천시 중리천로115번길 45,,4421706,4150010700,2023-08-05 08:57,1,135000,숙박비
e_e005945,네잎클로버캠핑장,1,5,Y,,,2,,(주)여기어때컴퍼니,서울 강남구 봉은사로 479,,3122004,1168010500,2023-07-25 00:00,1,146000,가평 네잎클로버 카라반 글램핑
e_e005945,호텔스위티안,1,1,Y,,,2,,(주)여기어때컴퍼니,서울 강남구 봉은사로 479,,3122004,1168010500,2023-07-26 00:00,1,297000,가평호텔 스위티안
e_e005947,코바코연수원,0,11,Y,,,5,,,경기 양평군 강상면 강남로 1375,경기 양평군 강상면 화양리 47,,,,4,0,
e_e005978,원스테이,1,1,Y,,,2,,가평빠지선셋740,경기 가평군 청평면 호반로 730,경기 가평군 청평면 호명리 344-5,3216049,4182032525,2023-08-01 11:12,3,255000,숙박놀이기구무제한 
e_e006014,호텔도노,1,1,Y,,,2,,주식회사 야놀자,서울 강남구 테헤란로108길 42,서울 강남구 대치동 1003,4166713,1168010600,2023-08-04 22:08,1,59500,수원 도노1796 호텔
e_e006016,토요코인호텔 서울동대문2,1,1,Y,,,2,,부킹닷컴,,,,,2023-07-28 00:00,1,87120,Toyoko Inn SEOUL Dongdaemun II
e_e006022,더플라자,1,1,Y,,,4,,한화호탤앤드리조트(주),서울 영등포구 63로 50,서울 영등포구 여의도동 60,3118001,1156011000,2023-08-03 12:20,1,302800,
e_e006030,소풍재펜션,1,3,Y,,,2,,영흥도소풍재풀빌라,인천 옹진군 영흥면 영흥로757번길 182,인천 옹진군 영흥면 내리 1534-8,4274180,2872036022,2023-07-13 10:46,1,250000,숙박비 
e_e006041,더스테이트호텔 선유,1,1,Y,,,2,,㈜여기어때컴퍼니 ,서울 강남구 봉은사로 479,,3122004,1168010500,2023-07-31 00:00,3,138000,더 스테이트 선유 호텔-숙박비
e_e006042,호텔 이쁘다 검단,2,1,N,,,3,,검단호텔 이쁘다,인천 서구 완정로117번길 35,,4268530,2826012000,2023-08-13 00:00,1,250000,ROOM1-숙박비
e_e006050,비비드펜션,1,3,Y,,,5,,(주)야놀자,서울 강남구 테헤란로108길 42,서울 강남구 대치동 1003,4166713,1168010600,2023-07-26 10:28,1,279900,가평 비비드스파팬션 숙박비
e_e006059,나인트리프리미어호텔 명동2,0,1,Y,,,2,,,서울 중구 마른내로 28,서울 중구 초동 72-10,,,,1,150000,
e_e006069,오하브,0,5,Y,,,4,,,경기 가평군 북면 꽃넘이길 43,경기 가평군 북면 제령리 533-1,,,,5,197000,
e_e006081,레스트호텔,0,1,Y,,,2,,,경기 김포시 태장로795번길 151,경기 김포시 장기동 2011-5,,,,1,118843,
e_e006086,달빛스테이,0,1,Y,,,2,,,인천 연수구 아트센터대로168번길 100,인천 연수구 송도동 29-1,,,,1,125000,
e_e006100,더스테이 송도,0,11,Y,,,2,,,인천 연수구 아트센터대로168번길 100,인천 연수구 송도동 29-1,,,,1,133000,
e_e006136,서울큐브 이태원,1,7,Y,,,1,,(주)야놀자,서울 강남구 테헤란로108길 42,서울 강남구 대치동 1003,4166713,1168010600,2023-08-03 00:00,1,25000,이태원 서울큐브게스트하우스
e_e006136,지브로S 게스트하우스,1,7,Y,,,1,,지브로에스,서울 마포구 와우산로10길 14,서울 마포구 상수동 143-13,4139449,1144011500,2023-08-12 00:00,1,23000,여성2인 도미토리-숙박비
e_e006151,소피텔앰배서더 서울,0,1,Y,,,2,,,서울 송파구 잠실로 209,서울 송파구 신천동 29-1,,,,1,289000,
e_e006157,롤링힐스호텔,1,1,Y,,,3,,(주)여기어때컴퍼니,서울 강남구 봉은사로 479,,3122004,1168010500,2023-05-15 00:00,1,241200,롤링힐스 호텔
e_e006179,AC 호텔 바이 메리어트 서울 강남,0,1,Y,,,2,,,서울 강남구 테헤란로25길 10,서울 강남구 역삼동 642,,,,4,420000,
e_e006213,컴포트인 여의도,1,1,Y,,,2,,컴포트 인 여의도,서울 영등포구 국회대로72길 7,서울 영등포구 여의도동 13-18,4154091,1156011000,2023-07-15 12:17,1,140000,숙박비
e_e006221,더휴식 이로호텔 월곶지점,0,2,Y,,,4,,,경기 시흥시 월곶중앙로70번안길 12,,,,,1,60000,
e_e006224,캠프레이크,0,5,Y,,,2,,,경기 용인시 기흥구 동탄기흥로785번길 21-5,경기 용인시 기흥구 고매동 539-1,,,,5,100000,
e_e006224,캠프레이크,1,5,Y,,,2,,캠프레이크,경기 용인시 기흥구 동탄기흥로785번길 21-5,경기 용인시 기흥구 고매동 539-1,4412120,4146310800,2023-08-17 00:00,3,100000,글램핑
e_e006225,스테이인호텔,0,1,Y,,,2,,,인천 부평구 부평문화로116번길 22,인천 부평구 부평동 551-2,,,,1,35000,
e_e006497,신라스테이 역삼,0,1,Y,,,3,,,서울 강남구 언주로 517,서울 강남구 역삼동 675-3,,,,1,177400,
e_e006554,동탄센트럴자이아파트,0,10,N,,,4,,,경기 화성시 동탄대로22길 30,경기 화성시 영천동 665,,,,4,0,
e_e007137,오월숲,1,2,Y,,,2,,오월숲,경기 평택시 자유로14번길 10,경기 평택시 합정동 731-10,4364646,4122011700,2023-08-13 00:00,3,23000,숙박비
e_e008089,알마호텔,0,1,N,,,2,,,경기 포천시 소흘읍 광릉수목원로 684,경기 포천시 소흘읍 직동리 364-3,,,,1,40000,
e_e008506,머큐어앰배서더 서울홍대,0,1,N,,,2,,,서울 마포구 양화로 144,서울 마포구 동교동 162-5,,,,4,0,
e_e009622,월미도,1,1,Y,,,2,,주식회사 야놀자,서울 강남구 테헤란로108길 42,서울 강남구 대치동 1003,4166713,1168010600,2023-08-24 00:00,3,0,인천월미도 블루마린 
e_e009660,집,0,11,N,,,6,,,새말길338-17,,,,,4,0,
e_e010049,호텔달싸롱,0,2,N,,,2,,,경기 수원시 팔달구 권광로142번길 36,경기 수원시 팔달구 인계동 1130-4,,,,1,21000,
e_e011742,오크우드프리미어 인천,1,1,Y,,,2,,한무컨벤션주식회사,인천 연수구 컨벤시아대로 165,인천 연수구 송도동 6-10,2152004,2818510600,2023-09-07 15:58,1,444675,숙박비
e_e012346,집,0,2,N,,,2,,,신정현대홈타운,,,,,4,0,
f_f000041,초코키즈풀빌라,0,3,Y,,,2,,,경기 가평군 가평읍 호반로 2083-23,경기 가평군 가평읍 이화리 88,,,,1,379000,
f_f000458,마이다스호텔&리조트,1,1,Y,,,3,,지마켓,서울 강남구 테헤란로 152,서울 강남구 역삼동 737,3122010,1168010100,2023-05-27 00:00,1,38250,마이다스 호텔 앤 리조트
f_f006622,알멕스랜드,1,5,Y,,,4,,서울특별시체육회,서울 중랑구 망우로 182,서울 중랑구 상봉동 136-18,3005032,1126010200,2023-07-05 15:58,3,30000,
g_g003294,MH호텔 중화산동점,1,1,Y,,,2,,아고다,,,,,2023-07-02 00:00,1,112376,Jeonju Junghwasan-dong MH HOTEL
